invader;address
Space Invader PA_1060; villa de Guelma, Paris, France
Space Invader PA_1077; 65 rue des Abbesses, Paris, France
Space Invader PA_1053; 8 place des Abbesses, Paris, France
Space Invader PA_0161; 17 rue Yvonne Le Tac, Paris, France
Space Invader PA_0066,  PA_0067 & PA_0068;63 rue des Trois Frères, Paris, France
Space Invader PA_0604; 36 rue Erard, Paris, France
Space Invader PA_0981; place du Colonel Bourgouin, Paris, France
Space Invader PA_1024; 198 rue du Faubourg Saint-Antoine, Paris, France
Space Invader PA_0013; 47 avenue Daumesnil, Paris, France
Space Invader PA_0223; 20 rue Abel, Paris, France
Space Invader PA_0371; Ouest de la fontaine de Montreuil, Paris, France
Space Invader PA_0016; 76 avenue Ledru-Rollin, Paris, France
Space Invader PA_0015; 24 rue de Cîteaux, Paris, France
Space Invader PA_1082; place d'Aligre, Paris, France
Space Invader PA_1227; 129 coulée verte René-Dumont, Paris, France
Space Invader PA_0934; 76 rue de Vouillé, Paris, France
Space Invader PA_0901; 1 rue Léon Delhomme, Paris, France
Space Invader PA_1208; 35 rue Castagnary, Paris, France
Space Invader PA_1272; 1 rue Vouillé, Paris, France
Space Invader PA_1069; 121 rue des Amandiers, Paris, France
Space Invader PA_0453; 24 à 32 rue des Amandiers, Paris, France
Space Invader PA_1028; 9 rue des Maronites, Paris, France
Space Invader PA_0307; 77 rue de Ménilmontant, Paris, France
Space Invader PA_0410; 0 rue de la Mare, Paris, France
Space Invader PA_1211; 1 passage Mondésir, Paris, France
Space Invader PA_0621; porte de Pantin, Paris, France
Space Invader PA_0645; rue Charles Monselet, Paris, France
Space Invader PA_0649; 1 rue Gaston Pinot, Paris, France
Space Invader PA_0985; 52 boulevard Sérurier, Paris, France
Space Invader PA_1219; 261 rue de Belleville, Paris, France
Space Invader PA_1231 & 1237;28 rue Eugène Jumin, Paris, France
Space Invader PA_1247; Hôpital Robert Debré, Paris, France
Space Invader PA_0984; 1 place Rhin et Danube, Paris, France
Space Invader PA_0910; 72 avenue Jean Jaurès, Paris, France
Space Invader PA_0220; métro Quai de la Gare, Paris, France
Space Invader PA_0936; boulevard de l'Hôpital sous le métro, Paris, France
Space Invader PA_0147; gare d'Austerlitz, Paris, France
Space Invader PA_0053; face au 16 boulevard Vincent Auriol, Paris, France
Space Invader PA_1173; terrasse du Wanderlust, Paris, France
Space Invader PA_1093; Cité de la Mode et du Design, Paris, France
Space Invader PA_0761; 1 quai Louis Blériot, Paris, France
Space Invader PA_0650; 1 rue Desaugiers, Paris, France
Space Invader PA_1116; 74 rue d'Avron, Paris, France
Space Invader PA_1142; 8 rue de la Plaine, Paris, France
Space Invader PA_1149; 42 boulevard de Charonne, Paris, France
Space Invader PA_0700; 65 rue des Pyrénées, Paris, France
Space Invader PA_1242; 26 rue de la Plaine, Paris, France
Space Invader PA_0547; place Fréhel, Paris, France
Space Invader PA_0577; 5 rue Levert, Paris, France
Space Invader PA_0732; 2 rue Jouye-Rouve, Paris, France
Space Invader PA_0221; 91 rue Rebeval, Paris, France
Space Invader PA_0826; 22 rue Denoyez, Paris, France
Space Invader PA_0995; place du Docteur Félix Lobligeois, Paris, France
Space Invader PA_0728; 18 rue Caroline, Paris, France
Space Invader PA_0273; 21 rue Aubry le Boucher, Paris, France
Space Invader PA_0926; 149 rue Saint-Martin, Paris, France
Space Invader PA_0612; 14 rue du Renard, Paris, France
Space Invader PA_0997; 61 rue Quincampoix, Paris, France
Space Invader PA_0722; 11 rue Michel Lecomte, Paris, France
Space Invader PA_0769; 65 rue du Temple, Paris, France
Space Invader PA_0189; 3 rue Geoffroy Langevin, Paris, France
Space Invader PA_0953; 9 rue du Plâtre, Paris, France
Space Invader PA_1170; 45 rue des Gravilliers, Paris, France
Space Invader PA_1172; 93 rue de la Verrerie, Paris, France
Space Invader PA_0585; métro Rambuteau, Paris, France
Space Invader PA_0815; 15 rue du Renard, Paris, France
Space Invader PA_0436; Centre culturel de Serbie, Paris, France
Space Invader PA_0282; 61 rue de la Verrerie, Paris, France
Space Invader PA_0030; 44 rue Quincampoix, Paris, France
Space Invader PA_0110; 91 rue Quincampoix, Paris, France
Space Invader PA_0156; 2 rue Simon le Franc, Paris, France
Space Invader PA_0109; tuyau d'évacuation du Centre Pompidou, Paris, France
Space Invader PA_0002; 45 rue Quincampoix, Paris, France
Space Invader PA_1249; 24 rue de la Verrerie, Paris, France
Space Invader PA_1265; Centre Georges Pompidou, Paris, France
Space Invader PA_0331; 2 rue Pierre au Lard, Paris, France
Space Invader PA_0059; 1 rue Lacordaire, Paris, France
Space Invader PA_0970; allée des Cygnes, Paris, France
Space Invader PA_0433; 33 rue de Sibuet, Paris, France
Space Invader PA_0809; 7 rue Lasson, Paris, France
Space Invader PA_1110; direction de la Voirie et des Déplacements, Paris, France
Space Invader PA_1121; 52 cours de Vincennes, Paris, France
Space Invader PA_1183; 9 rue Marsoulan, Paris, France
Space Invader PA_1214; 42 rue Leroy Dupré, Paris, France
Space Invader PA_1224; 57 avenue du docteur Netter, Paris, France
Space Invader PA_1225 & 1226;100 cours de Vincennes, Paris, France
Space Invader PA_1133; 19 rue Montera, Paris, France
Space Invader PA_0921; pont de Bercy/quai de Bercy, Paris, France
Space Invader PA_0922; pont de Bercy/quai d'Austerlitz, Paris, France
Space Invader PA_0036; face au 7 boulevard Vincent Auriol, Paris, France
Space Invader PA_0757; place Marcel Sembat, Paris, France
Space Invader PA_0758; 44 quai du Point du Jour, Paris, France
Space Invader PA_0269; sur le Chasseur à pied de la Redoute de Gravelle, Paris, France
Space Invader PA_0395; 14 rue Chomel, Paris, France
Space Invader PA_0374; 29 boulevard Raspail, Paris, France
Space Invader PA_0624; 10 rue de Sèvres, Paris, France
Space Invader PA_0345; 95 rue de Sèvres, Paris, France
Space Invader PA_0308; 2 quai du 4 septembre, Paris, France
Space Invader PA_0403; porte N-E du parc George Brassens, Paris, France
Space Invader PA_0405; face au 110 rue Castagnary, Paris, France
Space Invader PA_1123; 1 rue Santos-Dumont, Paris, France
Space Invader PA_0366; 127 rue Castagnary, Paris, France
Space Invader PA_1279; 86 Boulevard Lefebvre, Paris, France
Space Invader PA_0938; face au 91 boulevard Auguste Blanqui, Paris, France
Space Invader PA_1103; 3 passage du Moulin des Prés, Paris, France
Space Invader PA_0055; 43 rue du Moulin des Prés, Paris, France
Space Invader PA_0078; 21 passage du Moulin des Prés, Paris, France
Space Invader PA_0056; 10 rue Simonet, Paris, France
Space Invader PA_0079; 5 rue Chéreau, Paris, France
Space Invader PA_0166; face au 21 rue Georges Auric, Paris, France
Space Invader PA_0671; 54 avenue Bolivar, Paris, France
Space Invader PA_0438; petite ceinture pont de la rue Manin, Paris, France
Space Invader PA_0201; 19 rue Georges Lardennois, Paris, France
Space Invader PA_0935; 2 rue Cambronne, Paris, France
Space Invader PA_0941; 103 rue Cambronne, Paris, France
Space Invader PA_0847; métro Volontaires, Paris, France
Space Invader PA_1141; Agence Spatiale Européenne, Paris, France
Space Invader PA_1284; pont ferroviaire, Paris, France
Space Invader PA_0207; 7 rue Damrémont, Paris, France
Space Invader PA_0439; 134 boulevard de Clichy, Paris, France
Space Invader PA_1289 & PA_1290, ;place de l'Alma, Paris, France
Space Invader PA_0456; 1 place d'Iéna, Paris, France
Space Invader PA_0514; Palais de Tokyo, Paris, France
Space Invader PA_0424; 13 rue de la Manutention, Paris, France
Space Invader PA_1257; 1 avenue du Président Wilson, Paris, France
Space Invader PA_0534; entrée du Palais de Tokyo, Paris, France
Space Invader PA_0381; place Joffre, Paris, France
Space Invader PA_0980; sous le pont du boulevard de Bercy, Paris, France
Space Invader PA_1261; 73 boulevard de Bercy, Paris, France
Space Invader PA_1285; porte de Bagnolet, Paris, France
Space Invader PA_0785; face au 130 rue de Bagnolet, Paris, France
Space Invader PA_0817; 1 rue Saint-Blaise, Paris, France
Space Invader PA_0119& PA_0824, ;102 rue de Bagnolet, Paris, France
Space Invader PA_1045; 3 rue de la Chine, Paris, France
Space Invader PA_0771; 132 rue des Pyrénées, Paris, France
Space Invader PA_0830; 68 rue des Orteaux, Paris, France
Space Invader PA_0610; passage Stendhal, Paris, France
Space Invader PA_0191; 21 chemin du Parc de Charonne, Paris, France
Space Invader PA_1155; pont piéton de la rue Lucien Lambeau, Paris, France
Space Invader PA_0132; 97 rue des Maraîchers, Paris, France
Space Invader PA_1250; 176 rue de Bagnolet, Paris, France
Space Invader PA_0278; 53 rue des Maraîchers, Paris, France
Space Invader PA_0350; école primaire de l'avenue d'Ivry, Paris, France
Space Invader PA_0225; sur le pont du periph' porte d'Ivry, Paris, France
Space Invader PA_1178; 82 boulevard Masséna, Paris, France
Space Invader PA_1108; 98 rue de Tolbiac, Paris, France
Space Invader PA_1179; 213 boulevard Vincent Auriol, Paris, France
Space Invader PA_1292; 13 rue Darwin, Paris, France
Space Invader PA_1022; 27 rue Francœoeur, Paris, France
Space Invader PA_1232; 102 rue du Mont Cenis, Paris, France
Space Invader PA_1106; 1 rue Ferdinand Flocon, Paris, France
Space Invader PA_0988; métro Barbès-Rochechouart, Paris, France
Space Invader PA_0712; 20 rue de Dunkerque, Paris, France
Space Invader PA_1256; 29 rue des Petits Hôtels, Paris, France
Space Invader PA_1112; place de l'Iris, Paris, France
Space Invader PA_0309; 1 boulevard de l'Amiral Bruix, Paris, France
Space Invader PA_1143; place du Général Patton, Paris, France
Space Invader PA_1144; 18 rue Piccini, Paris, France
Space Invader PA_0560; 65 boulevard Flandrin, Paris, France
Space Invader PA_1216; 1 rue Duret, Paris, France
Space Invader PA_0939; métro Denfert-Rochereau, Paris, France
Space Invader PA_0112; 19 rue Gassendi, Paris, France
Space Invader PA_0312; parvis de Saint-Pierre de Montrouge, Paris, France
Space Invader PA_1239; 54 avenue Paul Vaillant Couturier, Paris, France
Space Invader PA_1071; 58 rue d'Anjou, Paris, France
Space Invader PA_1072; 32 rue Pasquier, Paris, France
Space Invader PA_1074; 22 rue du Cirque, Paris, France
Space Invader PA_0776; 14 rue Castellane, Paris, France
Space Invader PA_1080; Espace Pierre Cardin, Paris, France
Space Invader PA_0413; 3 boulevard Malsherbes, Paris, France
Space Invader PA_0449; 73 rue du Faubourg Saint-Honoré, Paris, France
Space Invader PA_0727; 51 rue de Clichy, Paris, France
Space Invader PA_0484; 24 rue de Vienne, Paris, France
Space Invader PA_0583; 2 impasse d'Amsterdam, Paris, France
Space Invader PA_0386; croisement rue de Rome/bvd des Batignolles, Paris, France
Space Invader PA_0206; place de Clichy, Paris, France
Space Invader PA_0945; 81 rue de la Folie Méricourt, Paris, France
Space Invader PA_0882; 29 boulevard Jules Ferry, Paris, France
Space Invader PA_0245; 47 rue Oberkampf, Paris, France
Space Invader PA_0774; 119 avenue Parmentier, Paris, France
Space Invader PA_1206; 22 avenue de la République, Paris, France
Space Invader PA_0522; Square Jules Ferry, Paris, France
Space Invader PA_1248; 101 boulevard Richard Lenoir, Paris, France
Space Invader PA_0730; 6 rue Bleue, Paris, France
Space Invader PA_0931; 2 rue Ambroise Thomas, Paris, France
Space Invader PA_1007; 11 rue Drouot, Paris, France
Space Invader PA_0930; 8 rue de Trévise, Paris, France
Space Invader PA_1124; 11 rue Chauchat, Paris, France
Space Invader PA_0724; 4 rue Papillon, Paris, France
Space Invader PA_0703; 47 rue de Charonne, Paris, France
Space Invader PA_0961; 2 rue Trousseau, Paris, France
Space Invader PA_0133; 7 passage de la Main d'Or, Paris, France
Space Invader PA_0944; 10 rue Faidherbe, Paris, France
Space Invader PA_0908; 10 cité Beauharnais, Paris, France
Space Invader PA_1098; 1 cité Voltaire, Paris, France
Space Invader PA_0452; 5 passage Saint-Antoine, Paris, France
Space Invader PA_0415; 34 rue Titon, Paris, France
Space Invader PA_0615; 17 passage de la Bonne Graine, Paris, France
Space Invader PA_0323; 102 rue de Charonne, Paris, France
Space Invader PA_0369; 7 rue Jules Vallès, Paris, France
Space Invader PA_0226; 83 rue d'Hauteville, Paris, France
Space Invader PA_0947; 105 rue du Faubourg Saint-Denis, Paris, France
Space Invader PA_1011; 1 rue Martel, Paris, France
Space Invader PA_0948; 33 rue du Faubourg Saint-Denis, Paris, France
Space Invader PA_0946; 1 rue de Metz, Paris, France
Space Invader PA_1067; 1 rue de la Fidélité, Paris, France
Space Invader PA_1220; 7 rue d'Enghien, Paris, France
Space Invader PA_0881; 20 rue du Bac, Paris, France
Space Invader PA_0630; 30 rue de Martignac, Paris, France
Space Invader PA_0797; 77 rue de Lille, Paris, France
Space Invader PA_0880; 4 rue de Beaune, Paris, France
Space Invader PA_0801; maison de Serge Gainsbourg, Paris, France
Space Invader PA_0844& PA_0918, ;20 rue de Courcelles, Paris, France
Space Invader PA_0862; 127 rue du Faubourg Saint-Honoré, Paris, France
Space Invader PA_0845; 73 rue La Boétie, Paris, France
Space Invader PA_0653; 3 rue du Colisée, Paris, France
Space Invader PA_1089; 79 rue de la Boétie, Paris, France
Space Invader PA_0423; 63 avenue Franklin Delano Roosevelt, Paris, France
Space Invader PA_0892; 7 avenue Myron Herrick, Paris, France
Space Invader PA_1101; 7 avenue Matignon, Paris, France
Space Invader PA_0178; 165 rue du Faubourg Saint-Honoré, Paris, France
Space Invader PA_0069; 40 rue du Banquier, Paris, France
Space Invader PA_1180; 47 avenue des Gobelins, Paris, France
Space Invader PA_0024; 73 avenue des Gobelins, Paris, France
Space Invader PA_1293; 2 rue Titien, Paris, France
Space Invader PA_0146; 2 rue Véronèse, Paris, France
Space Invader PA_1228; 22 rue Watteau, Paris, France
Space Invader PA_0870; au dessus de chez Prune, Paris, France
Space Invader PA_0932; Théâtre de la Renaissance, Paris, France
Space Invader PA_1154; 0 rue Léon Jouhaux, Paris, France
Space Invader PA_1163; 8 place Jacques Bonsergent, Paris, France
Space Invader PA_1019; 23 rue des Vinaigriers, Paris, France
Space Invader PA_0713; 1 rue Taylor, Paris, France
Space Invader PA_0270; 2 rue Yves Toudic, Paris, France
Space Invader PA_1207; 31 rue Lucien Sampaix, Paris, France
Space Invader PA_1212; 16 place Jacques Bonsergent, Paris, France
Space Invader PA_0883; 3 rue Curial, Paris, France
Space Invader PA_1105; 16 boulevard de la Chapelle, Paris, France
Space Invader PA_1218; 2 rue Mathys, Paris, France
Space Invader PA_0390; 1 passage Gustave Lepeu, Paris, France
Space Invader PA_1039; 1 impasse Delaunay, Paris, France
Space Invader PA_0852; 10 rue Saint-Maur, Paris, France
Space Invader PA_0999; 136 rue de la Roquette, Paris, France
Space Invader PA_0960; 141 boulevard Philippe Auguste, Paris, France
Space Invader PA_1009; 1 boulevard de Ménilmontant, Paris, France
Space Invader PA_1115; 208 rue de la Roquette, Paris, France
Space Invader PA_1146; 154 rue du Chemin Vert, Paris, France
Space Invader PA_1243; 15 boulevard de Ménilmontant, Paris, France
Space Invader PA_0833; dans l'Abribus, Paris, France
Space Invader PA_0717; 2 rue des Orteaux, Paris, France
Space Invader PA_0838; 113 boulevard de Charonne, Paris, France
Space Invader PA_0832; 100 rue de la Réunion, Paris, France
Space Invader PA_0871; 29 rue de Terre Neuve, Paris, France
Space Invader PA_0831; métro Buzenval, Paris, France
Space Invader PA_0821; édicule EDF face au 81 boulevard de Charonne, Paris, France
Space Invader PA_0131; 53 rue des Orteaux, Paris, France
Space Invader PA_0535; 37 rue de Terre Neuve, Paris, France
Space Invader PA_1186; 32 impasse de la Confiance, Paris, France
Space Invader PA_1204; 61 rue d'Avron, Paris, France
Space Invader PA_0568; 2 rue de l'Aqueduc, Paris, France
Space Invader PA_0565; 3 rue Philippe de Girard, Paris, France
Space Invader PA_0609; 35 boulevard de la Chapelle, Paris, France
Space Invader PA_1090; métro Stalingrad, Paris, France
Space Invader PA_0444; 14 rue Chaudron, Paris, France
Space Invader PA_0240; face au 23 boulevard Diderot, Paris, France
Space Invader PA_0542; 5 rue de Rambouillet, Paris, France
Space Invader PA_0957; 86 Quai de la Rapée, Paris, France
Space Invader PA_1129; 19 rue Parrot, Paris, France
Space Invader PA_1130; face au 194 rue de Bercy, Paris, France
Space Invader PA_0200; face au 194 rue de Bercy, Paris, France
Space Invader PA_0218; Tunnel Van-Gogh, Paris, France
Space Invader PA_0243; 8bis rue Abel, Paris, France
Space Invader PA_1191 1192, 1193, 1194 & 1195, ;le long de la D126B, Paris, France
Space Invader PA_0315; face au 32 boulevard Auguste Blanqui, Paris, France
Space Invader PA_0937; face au 80 boulevard Auguste Blanqui, Paris, France
Space Invader PA_0854; 1 rue de Tombouctou, Paris, France
Space Invader PA_1233; 2 rue Poissonnière, Paris, France
Space Invader PA_0906; 9 rue de la Goutte d'Or, Paris, France
Space Invader PA_1145; 1 rue de la Croix Jarry, Paris, France
Space Invader PA_0943; entrée des Frigos, Paris, France
Space Invader PA_0950; métro Dupleix, Paris, France
Space Invader PA_0967; 105 quai Branly, Paris, France
Space Invader PA_0597; métro La Motte-Picquet-Grenelle, Paris, France
Space Invader PA_0666; face au 29 quai de grenelle, Paris, France
Space Invader PA_0951; face au 75 boulevard de Grenelle, Paris, France
Space Invader PA_0966; pont de Bir-Hakeim, Paris, France
Space Invader PA_0598; 1 avenue de la Motte-Picquet, Paris, France
Space Invader PA_1125; 88 rue de Provence, Paris, France
Space Invader PA_1181; 58 rue Caumartin, Paris, France
Space Invader PA_1230; 7 rue Lafayette, Paris, France
Space Invader PA_1278; 80 rue de Provence, Paris, France
Space Invader PA_0991; 33 boulevard de la Villette, Paris, France
Space Invader PA_0430; le Comptoire Général, Paris, France
Space Invader PA_0448; 80 quai Jemmapes, Paris, France
Space Invader PA_0853; 12 rue de la Grange aux Belles, Paris, France
Space Invader PA_1147; pont de la Grange aux Belles, Paris, France
Space Invader PA_0507; 21 rue Juliette Dodu, Paris, France
Space Invader PA_0120; 44 quai de Jemmapes, Paris, France
Space Invader PA_0869; quai de Valmy, Paris, France
Space Invader PA_0394; pont Saint-Michel, Paris, France
Space Invader PA_1246; 12 pont Saint-Louis, Paris, France
Space Invader PA_1166; 1 quai de Bourbon, Paris, France
Space Invader PA_0334; 7-13 Place Valhubert, Paris, France
Space Invader PA_0502; 29 rue Censier, Paris, France
Space Invader PA_0767; 0 rue du Fer à Moulin, Paris, France
Space Invader PA_1088; 77 rue Buffon, Paris, France
Space Invader PA_0684; 23bis rue Poliveau, Paris, France
Space Invader PA_0122 (sous le lierre); rue de la Clef, Paris, France
Space Invader PA_0593; place Balard sous la Petite Ceinture, Paris, France
Space Invader PA_0233; 1 rue des Cévennes, Paris, France
Space Invader PA_0543; 1 rue Duchefdelaville, Paris, France
Space Invader PA_0459; métro Chevaleret, Paris, France
Space Invader PA_1134; 74 rue de Tolbiac, Paris, France
Space Invader PA_0058; 14 rue Louise Weiss, Paris, France
Space Invader PA_0460; 39P rue Louise Weiss, Paris, France
Space Invader PA_0385; 41 rue Dunois, Paris, France
Space Invader PA_1055; bretelle de sortie de l'autoroute de l'Est, Paris, France
Space Invader PA_0329; 14 rue Pajol, Paris, France
Space Invader PA_0990; métro La Chapelle, Paris, France
Space Invader PA_1018; place Paul Eluard, Paris, France
Space Invader PA_1238; Cimetière de la Courneuve, Paris, France
Space Invader PA_1005; 89 rue Oberkampf, Paris, France
Space Invader PA_0532; 113 rue Oberkampf, Paris, France
Space Invader PA_0446; 174 rue Saint-Maur, Paris, France
Space Invader PA_1047; 88ter avenue Parmentier, Paris, France
Space Invader PA_0271; 7 rue Vancouleurs, Paris, France
Space Invader PA_0073; 93 rue Jean-Pierre Timbaud, Paris, France
Space Invader PA_0248; 64 rue de la Fontaine au Roi, Paris, France
Space Invader PA_0293; 84 rue du Faubourg du Temple, Paris, France
Space Invader PA_0384; 26 rue du Moulin Joly, Paris, France
Space Invader PA_0466; 51 rue de la Fontaine au Roi, Paris, France
Space Invader PA_0049; 117 rue Oberkampf, Paris, France
Space Invader PA_0222; 94 rue du Faubourg du Temple, Paris, France
Space Invader VRS_001; 2 rue du Baillage, Paris, France
Space Invader VRS_002; rue des 2 Portes, Paris, France
Space Invader VRS_005; 10 rue de Fontenay, Paris, France
Space Invader VRS_004; carré à la Marée, Paris, France
Space Invader VRS_003; 1 rue des Deux Portes, Paris, France
Space Invader VRS_006; 2 avenue de Paris, Paris, France
Space Invader VRS_007; 2 rue Saint-Lazare, Paris, France
Space Invader VRS_008; 40 rue du Vieux Versailles, Paris, France
Space Invader VRS_009; 12 avenue du Général de Gaulle, Paris, France
Space Invader VRS_011; 65 avenue de Saint-Cloud, Paris, France
Space Invader VRS_012; 1 place Hoche, Paris, France
Space Invader PA_0524; 244 avenue du Général de Gaulle, Paris, France
Space Invader PA_0608; 1 avenue du Général de Gaulle, Paris, France
Space Invader PA_1026; 52 Grande Rue Charles-de-Gaulle, Paris, France
Space Invader PA_1234; Obélisque de Villeneuve-le-Comte, Paris, France
Space Invader PA_1117; Terminal 2D Porte 6, Paris, France
Space Invader PA_0611; boulevard Georges Braque, Paris, France
Space Invader PA_1020; 86 rue Championnet, Paris, France
Space Invader PA_0659; 194 rue Championnet, Paris, France
Space Invader PA_0264; 115 rue de la Tour, Paris, France
Space Invader PA_0041; Porte de la Villette, Paris, France
Space Invader PA_1031; face à un entrepôt abandonné, Paris, France
Space Invader PA_0748; Avenue de la Porte de la Villette, Paris, France
Space Invader PA_1122; avenue Corentin Cariou, Paris, France
Space Invader PA_0490; 10 rue du Chemin de Fer, Paris, France
Space Invader PA_1288; 5 quai de Loire, Paris, France
Space Invader PA_0987; 39 quai de la Loire, Paris, France
Space Invader PA_0162; 8 quai de la Seine, Paris, France
Space Invader PA_0823; 145 avenue Jean Jaurès, Paris, France
Space Invader PA_0599; 2 rue de l'Ourcq, Paris, France
Space Invader PA_0228; pont de la rue de l'Ourcq, Paris, France
Space Invader PA_1270; passerelle du Bassin de la Villette, Paris, France
Space Invader PA_0454; Assainissement de Valmy, Paris, France
Space Invader PA_0872 & 1148,; Le Point  Ephémère, Paris, France
Space Invader PA_0884; 205 rue La Fayette, Paris, France
Space Invader PA_1085; ancien Couvent des Récollets, Paris, France
Space Invader PA_0441; 7 rue Gabriel Péri, Paris, France
Space Invader PA_0115; impasse des Arbalétriers, Paris, France
Space Invader PA_0158; 7 rue Debelleyme., Paris, France
Space Invader PA_0555; 11 boulevard Beaumarchais, Paris, France
Space Invader PA_0022; 68 rue de Turenne, Paris, France
Space Invader PA_0682; 21 rue des Francs-Bourgeois, Paris, France
Space Invader PA_0696; 9 rue Debellyeme, Paris, France
Space Invader PA_0114 & PA_1023, ;26 rue Vieille du Temple, Paris, France
Space Invader PA_0504; 52 rue des Rosiers, Paris, France
Space Invader PA_0878; 17 rue Payenne, Paris, France
Space Invader PA_0032; 108 rue Vieille du Temple, Paris, France
Space Invader PA_0711; 27 rue des Tournelles, Paris, France
Space Invader PA_0482; 24 rue Pavée, Paris, France
Space Invader PA_1063; 28 rue des Archives, Paris, France
Space Invader PA_0480; 14 rue du Roi de Sicile, Paris, France
Space Invader PA_1102; place de Thorigny, Paris, France
Space Invader PA_1127; 10 rue du Roi Doré, Paris, France
Space Invader PA_0034; 61 rue Vieille du Temple, Paris, France
Space Invader PA_0407; 93 rue Vieille du Temple, Paris, France
Space Invader PA_0796; 110 rue Vieille du Temple, Paris, France
Space Invader PA_0287 & PA_1156, ;12 rue Vieille du Temple, Paris, France
Space Invader PA_1161; 42 rue des Francs-Bourgeois, Paris, France
Space Invader PA_0503; 74 rue de Turenne, Paris, France
Space Invader PA_0084; 15 rue du Pas de la Mule, Paris, France
Space Invader PA_0378; 45 rue de Poitou, Paris, France
Space Invader PA_1159; 6 place des Ternes, Paris, France
Space Invader PA_0895; place Auguste Baron, Paris, France
Space Invader PA_1169; 6 avenue de la Porte de la Chapelle, Paris, France
Space Invader PA_0994; 0 boulevard Duaumont, Paris, France
Space Invader PA_1048; Autoroute du Soleil, Paris, France
Space Invader PA_1041; rond-point d'Espagne, Paris, France
Space Invader PA_1042; A86 côté cimetière nouveau de Vitry, Paris, France
Space Invader PA_1043; A86 côté cimetière communal de Choisy, Paris, France
Space Invader PA_1283; 3 rue des Déchargeurs, Paris, France
Space Invader PA_0143; place du Châtelet, Paris, France
Space Invader PA_0092; 8 rue de la Ferronnerie, Paris, France
Space Invader PA_1030; 41 rue des Bourdonnais, Paris, France
Space Invader PA_0590; 17 rue Etienne Marcel, Paris, France
Space Invader PA_0355; 4 rue de la Grande Truanderie, Paris, France
Space Invader PA_0295; 4 rue du Jour, Paris, France
Space Invader PA_0978; 28 rue Montorgueil, Paris, France
Space Invader PA_0819; 2 rue Bailleul, Paris, France
Space Invader PA_0720; 19 rue de la Ferronnerie, Paris, France
Space Invader PA_1097; 20 rue du Louvre, Paris, France
Space Invader PA_0839; 20 rue de la Grande Truanderie, Paris, France
Space Invader PA_0060; église Saint-Eustache, Paris, France
Space Invader PA_1162; 14 rue des Précheurs, Paris, France
Space Invader PA_0354; 13 rue Jean Lantier, Paris, France
Space Invader PA_1213; 4 rue Berger, Paris, France
Space Invader PA_1260; 8 rue de l'Amiral de Coligny, Paris, France
Space Invader PA_1263; Pont Neuf, Paris, France
Space Invader PA_1268; Pont-Neuf, Paris, France
Space Invader PA_0914; 103 rue Baudin, Paris, France
Space Invader PA_0915; 69 rue Anatole France, Paris, France
Space Invader PA_0152; place de la Concorde, Paris, France
Space Invader PA_0360; 0 rue Saint-Roch, Paris, France
Space Invader PA_1151; métro Tuileries, Paris, France
Space Invader PA_0579; 13 place du Carroussel, Paris, France
Space Invader PA_0093; pont du Carroussel, Paris, France
Space Invader PA_1217; pont de la Concorde, Paris, France
Space Invader PA_0592; 19 rue Férou, Paris, France
Space Invader PA_0473; 3 rue Saint-Sulpice, Paris, France
Space Invader PA_0780; 12 rue Madame, Paris, France
Space Invader PA_0629; impasse Robiquet, Paris, France
Space Invader PA_0180; 14 rue Madame, Paris, France
Space invader PA_0851; 14 Bis rue de la Grande Chaumière, Paris, France
Space Invader PA_0181; 20-24 rue Madame, Paris, France
Space Invader PA_0183; 19 rue de Mézières, Paris, France
Space Invader PA_0077; 10 rue de Fleurus, Paris, France
Space Invader PA_1167; 84 rue Bonaparte, Paris, France
Space Invader PA_1188; 81 rue d'Assas, Paris, France
Space Invader PA_1198; 145 boulevard Raspail, Paris, France
Space Invader PA_0182; 18 rue Madame, Paris, France
Space Invader PA_0176; 12 rue Cassette, Paris, France
Space Invader PA_1203; 64 rue Monsieur le Prince, Paris, France
Space Invader PA_0897; 1 boulevard Gabriel Péri, Paris, France
Space Invader PA_0339; square du Docteur-Grancher, Paris, France
Space Invader PA_0744; La Bellevilloise, Paris, France
Space Invader PA_0375; 2 rue de l'Est, Paris, France
Space Invader PA_0411; 68 rue Orfila, Paris, France
Space Invader PA_0742; 322 rue des Pyrénées, Paris, France
Space Invader PA_0739; 120 rue de Ménilmontant, Paris, France
Space Invader PA_0471; 83 rue de Ménilmontant, Paris, France
Space Invader PA_0737; 21 rue Charles Frédel, Paris, France
Space Invader PA_1083; Impasse Cordon-Boussard, Paris, France
Space Invader PA_0516; 129-133 rue de Ménilmontant, Paris, France
Space Invader PA_0531; 129 rue de Ménilmontant, Paris, France
Space Invader PA_0726; 135 rue de Rome, Paris, France
Space Invader PA_0867; 30 boulevard de Courcelles, Paris, France
Space Invader PA_0903; 15 rue Cardinet, Paris, France
Space Invader PA_0474; 2 rue de Prony, Paris, France
Space Invader PA_1004; 66 rue de Courcelles, Paris, France
Space Invader PA_1280; 14 rue de Lévis, Paris, France
Space Invader PA_0040; 45 rue de la Montagne Sainte-Geneviève, Paris, France
Space Invader PA_0229; rue Antoine Dubois, Paris, France
Space Invader PA_0113; 46 rue du Cardinal Lemoine, Paris, France
Space Invader PA_0157; 10 rue Clovis, Paris, France
Space Invader PA_1171; 68 rue de la Montagne Sainte-Geneviève, Paris, France
Space Invader PA_0004; 22 rue Monge, Paris, France
Space Invader PA_1209; 99 boulevard Saint-Germain, Paris, France
Space Invader PA_1221; place Benjamin Fondane, Paris, France
Space Invader PA_0003; 14 rue de la Montagne Sainte-Geneviève, Paris, France
Space Invader PA_0607; 48 rue d'Orsel, Paris, France
Space Invader PA_0644; 2 rue Lamarck, Paris, France
Space Invader PA_0857; sud-ouest de la place du Tertre, Paris, France
Space Invader PA_1052; rue du Chevalier de la Barre, Paris, France
Space Invader PA_0855; 75 rue Lepic, Paris, France
Space Invader PA_0642; 46 rue Berthe, Paris, France
Space Invader PA_0160; 16 rue André Barsacq, Paris, France
Space Invader PA_0169; 2 rue du Mont Cenis, Paris, France
Space Invader PA_0641; 2 rue d'Orchampt, Paris, France
Space Invader PA_0018; 16 rue Saint-Vincent, Paris, France
Space Invader PA_0286; 28 rue du Chevalier de la Barre, Paris, France
Space Invader PA_0165; 5 rue Cortot, Paris, France
Space Invader PA_1276; 21 place du Tertre, Paris, France
Space Invader PA_0695; 1 rue Jasmin, Paris, France
Space Invader PA_0691; 1 rue Rafflet, Paris, France
Space Invader PA_0692; 24 rue du Docteur Blanche, Paris, France
Space Invader PA_0694; 26 rue Poussin, Paris, France
Space Invader PA_0762; face au 99 boulevard de Montmorency, Paris, France
Space Invader PA_1286; face au 72 rue de Rosny, Paris, France
Space Invader PA_1291; 48 rue du Capitaine Dreyfus, Paris, France
Space Invader PA_0750; 4 rue du Sergent Bobillot, Paris, France
Space Invader PA_0877; 146 rue de Paris, Paris, France
Space Invader PA_1096; 18 rue des Lilas ou presque, Paris, France
Space Invader PA_0825; 186 rue de Paris, Paris, France
Space Invader PA_0749; face au conservatoire de Montreuil, Paris, France
Space Invader PA_0477; 267b rue de Paris, Paris, France
Space Invader PA_0216; 67 rue de l'Amiral Mouchez, Paris, France
Space Invader PA_0316& PA_0940, ;rue des Artistes, Paris, France
Space Invader PA_0933; 11ter rue d'Alésia, Paris, France
Space Invader PA_0515; 278 rue du Faubourg Saint-Antoine, Paris, France
Space Invader PA_1095; 18ter rue Jaucourt, Paris, France
Space Invader PA_1135; 36 rue Tillier, Paris, France
Space Invader PA_1158; 33 boulevard de Charonne, Paris, France
Space Invader PA_1267; 2 avenue de Bouvines, Paris, France
Space Invader PA_0578; 3 place Henri Queuille, Paris, France
Space Invader PA_1197; 6 rue de l'Arrivée, Paris, France
Space Invader PA_0388; Gare Montparnasse, Paris, France
Space Invader PA_1111; 80 avenue Charles de Gaulle, Paris, France
Space Invader PA_1259; 39 boulevard Albert 1er, Paris, France
Space Invader PA_1271; Square de la Fontaine, Paris, France
Space Invader PA_0631; entrée Nord de l'Opéra, Paris, France
Space Invader PA_0552; 3 rue Auber, Paris, France
Space Invader PA_1126; 27 place de la Madeleine, Paris, France
Space Invader PA_0124; 40 rue de l'Arcade, Paris, France
Space Invader PA_0563; 2 place du Palais Royal, Paris, France
Space Invader PA_0582; 14 rue Villedo, Paris, France
Space Invader PA_0893; 6 rue des Pyramides, Paris, France
Space Invader PA_0860; 1 rue de l'Oratoire, Paris, France
Space Invader PA_1040; 32 rue Saint-Roch, Paris, France
Space Invader PA_1140; 10 rue Villedo, Paris, France
Space Invader PA_1100; à gauche de la Fontaine Molière, Paris, France
Space Invader PA_0775; 4 place des Victoires, Paris, France
Space Invader PA_1262; 7 rue du Bouloi, Paris, France
Space Invader PA_1269; 28 rue Sainte-Anne, Paris, France
Space Invader PA_1138; 112 avenue du Général Leclerc, Paris, France
Space Invader PA_0414; 2 rue du 11 Novembre 1918, Paris, France
Space Invader PA_0317; devant la Fondation Cartier, Paris, France
Space Invader PA_0850; 1 rue Poinsot, Paris, France
Space Invader PA_0347; passage des Épinettes, Paris, France
Space Invader PA_0258; 29 avenue de Lamballe, Paris, France
Space Invader PA_1038; 5 rue Pajou, Paris, France
Space Invader PA_0478; pont du Rouelle, Paris, France
Space Invader PA_1223; 1 place de Passy, Paris, France
Space Invader PA_0848; 1 rue de l'Armorique, Paris, France
Space Invader PA_1196; 2 impasse Mathieu, Paris, France
Space Invader PA_0834; entrée du Père Lachaise, Paris, France
Space Invader PA_1027; Cité Aubry, Paris, France
Space Invader PA_0715; 3 Cité Aubry, Paris, France
Space Invader PA_0827; 1 bis rue des Rondonneaux, Paris, France
Space Invader PA_0822; 2 rue de Lesseps, Paris, France
Space Invader PA_0332; 41 rue du Repos sous la plaque du cimètière, Paris, France
Space Invader PA_0461; 5-7 rue Charles Renouvier, Paris, France
Space Invader PA_0421; 71 rue des Rondeaux, Paris, France
Space Invader PA_0661; 41 rue Ampère, Paris, France
Space Invader PA_1164; 130 avenue de Wagram, Paris, France
Space Invader PA_1168; 1 rue Verniquet, Paris, France
Space Invader PA_1202; 129 avenue de Wagram, Paris, France
Space Invader PA_1025; 5 place Saint-Augustin, Paris, France
Space Invader PA_0942; 2 passage Foubert, Paris, France
Space Invader PA_0875; 2 rue des Peupliers, Paris, France
Space Invader PA_0426; face au pavillon d'Italie, Paris, France
Space Invader PA_1199; Poterne des Peupliers, Paris, France
Space Invader PA_1120; 84 rue de Picpus, Paris, France
Space Invader PA_1131; place Felix Éboué, Paris, France
Space Invader PA_0154; métro de Bel-Air, Paris, France
Space Invader PA_0434; 19 rue Lamblardie, Paris, France
Space Invader PA_0080; 5 rue Ballu, Paris, France
Space Invader PA_0858; 1 rue la Bruyère, Paris, France
Space Invader PA_0865; 53 rue Blanche, Paris, France
Space Invader PA_0864; 32 place Saint-Georges, Paris, France
Space Invader PA_0900; place Pigalle, Paris, France
Space Invader PA_0866; 0 rue Paul Escudier, Paris, France
Space Invader PA_0342; 19 rue Laferrière, Paris, France
Space Invader PA_0498; 64 rue de la Rochefoucauld, Paris, France
Space Invader PA_0646; porte de Vanves, Paris, France
Space Invader PA_0705; 32 rue de Patay, Paris, France
Space Invader PA_0714; 25 rue Watt, Paris, France
Space Invader PA_0912; pont de Soissons, Paris, France
Space Invader PA_0310; passerelle de la Porte de Saint-Cloud, Paris, France
Space Invader PA_0195; avenue de la porte Clignancourt, Paris, France
Space Invader PA_0072; rue Charles Luizet, Paris, France
Space Invader PA_0754; 59bis rue Popincourt, Paris, France
Space Invader PA_0818; 68 rue Saint-Sabin, Paris, France
Space Invader PA_0861; 30 passage Saint-Sebastien, Paris, France
Space Invader PA_0472; 11Z rue Gaby Sylvia, Paris, France
Space Invader PA_0194; 61 rue du Chemin Vert, Paris, France
Space Invader PA_1201; 14 rue Ternaux, Paris, France
Space Invader PA_1244; 4 rue Oberkampf, Paris, France
Space Invader PA_1187; 89 rue André Joineau, Paris, France
Space Invader PA_0014; 59 avenue Ledru-Rollin, Paris, France
Space Invader PA_0175; 18 passage du Chantier, Paris, France
Space Invader PA_0301; 44 rue de Charenton, Paris, France
Space Invader PA_1056; 0 rue Montgallet, Paris, France
Space Invader PA_1008; 75 rue de Richelieu, Paris, France
Space Invader PA_0404; face au 2 place de la Bourse, Paris, France
Space Invader PA_1058; 24 rue des Petits Champs, Paris, France
Space Invader PA_0894; 11 rue Saint-Augustin, Paris, France
Space Invader PA_1177; Agence France Presse, Paris, France
Space Invader PA_1210; 3 rue Saint-Augustin, Paris, France
Space Invader PA_0095; 65 rue Richelieu, Paris, France
Space Invader PA_1255; 5 place des Petits Pères, Paris, France
Space Invader PA_0553; 74 rue des Martyrs, Paris, France
Space Invader PA_0770; 6 rue de la Tour d'Auvergne, Paris, France
Space Invader PA_1176; 5 rue Rodier, Paris, France
Space Invader PA_1175; 2 rue Rodier, Paris, France
Space Invader PA_1012; 32 rue de Rochechouart, Paris, France
Space Invader PA_1229; 62 rue Lamartine, Paris, France
Space Invader PA_1275; 12 place d'Anvers, Paris, France
Space Invader PA_0752; 14 boulevard Edouard Branly, Paris, France
Space Invader PA_0920; 41 boulevard Edouard Branly, Paris, France
Space Invader PA_0451& PA_0654, ;39 rue de Charonne, Paris, France
Space Invader PA_0277; 31 rue de Charonne, Paris, France
Space Invader PA_0697; 14 boulevard Richard Lenoir, Paris, France
Space Invader PA_0718; 39 rue Basfroi, Paris, France
Space Invader PA_0117; 31 passage Thiéré sur le trottoir, Paris, France
Space Invader PA_0837; 53bis rue de la Roquette, Paris, France
Space Invader PA_0879; 22 rue Saint-Sabin, Paris, France
Space Invader PA_0836; 11 passage Thiéré, Paris, France
Space Invader PA_1185; 59 rue de Charonne, Paris, France
Space Invader PA_0465; 114 rue de la Roquette, Paris, France
Space Invader PA_1258; 13 rue de la Roquette, Paris, France
Space Invader PA_0028; face au 5 rue Keller, Paris, France
Space Invader PA_1118; boulevard Gabriel Péri sous le périph', Paris, France
Space Invader PA_0971; 1 rue du Saint-Gothard, Paris, France
Space Invader PA_0391; 114 quai de Bercy, Paris, France
Space Invader PA_0983; rue Mondoville, Paris, France
Space Invader PA_1066; McDo de la porte de Bagnolet, Paris, France
Space Invader PA_0677; 46 rue de Seine, Paris, France
Space Invader PA_0678; 6 rue de Seine, Paris, France
Space Invader PA_0455; 48 rue Mazarine, Paris, France
Space Invader PA_0802; 27 rue du Four, Paris, France
Space Invader PA_0005; 25 rue Guisarde, Paris, France
Space Invader PA_0798; 184 boulevard Saint-Germain, Paris, France
Space Invader PA_1059; 54 rue de Seine, Paris, France
Space Invader PA_0673; 1 rue de l'Ancienne Comédie, Paris, France
Space Invader PA_1075; 158 boulevard Saint-Germain, Paris, France
Space Invader PA_0006; 40 rue de Seine, Paris, France
Space Invader PA_1190; 2 rue Princesse Leia, Paris, France
Space Invader PA_0365; 268 rue de Vaugirard, Paris, France
Space Invader PA_0596; 85 rue de la Croix Nivert, Paris, France
Space Invader PA_0973PA_0974 & PA_0975 (entrée);square Emile Chautemps, Paris, France
Space Invader PA_0846; 4 rue de Réaumur, Paris, France
Space Invader PA_1065; 59 rue au Maire (Simpson), Paris, France
Space Invader PA_1046; 22 rue Réaumur, Paris, France
Space Invader PA_0956; 5 rue Papin, Paris, France
Space Invader PA_0496; 51 boulevard Saint-Martin, Paris, France
Space Invader PA_0193; 29 rue de Réaumur, Paris, France
Space Invader PA_1266; 41 rue Volta, Paris, France
Space Invader PA_1281; 2 rue des Fontaines du Temple, Paris, France
Space Invader PA_0280; 8 rue Spinoza, Paris, France
Space Invader PA_0081; 88 rue Saint-Maur, Paris, France
Space Invader PA_1222; 90 avenue de la République, Paris, France
Space Invader PA_1277; 52 rue Jean-Pierre Timbaud, Paris, France
Space Invader PA_0569; passerelle de Charentonneau, Paris, France
Space Invader PA_0044; 2 rue de l'Ancienne Comédie, Paris, France
Space Invader PA_0556; 2 rue de l'Hôtel Colbert, Paris, France
Space Invader PA_0764; 28 rue Serpente, Paris, France
Space Invader PA_0873; rue du Chat qui Pèche, Paris, France
Space Invader PA_1051; 22 rue Dauphine, Paris, France
Space Invader PA_0184; 2 rue Mignon, Paris, France
Space Invader PA_1086; 2 rue des Anglais, Paris, France
Space Invader PA_1087; 1 rue de la Huchette, Paris, France
Space Invader PA_0795; 8 cour du Commerce Saint-André, Paris, France
Space Invader PA_1107; place Saint-André des Arts, Paris, France
Space Invader PA_0155; 16 rue des Trois Portes, Paris, France
Space Invader PA_0392; 35 quai des Grands Augustins, Paris, France
Space Invader PA_1200; 35 rue de la Bûcherie, Paris, France
Space Invader PA_0913; 42 avenue Michelet, Paris, France
Space Invader PA_0690; 12 rue Jean-Henri Fabre, Paris, France
Space Invader PA_0418; 139 avenue Michelet, Paris, France
Space Invader PA_0420; 45 rue Anselme, Paris, France
Space Invader PA_0106; 2 rue Charlemagne, Paris, France
Space Invader PA_0710; 7 rue de Lesdiguières, Paris, France
Space Invader PA_0398; 1 pont Morland, Paris, France
Space Invader PA_0816; ancienne gare maritime Sully-Morland, Paris, France
Space Invader PA_0925; 17 boulevard Morland, Paris, France
Space Invader PA_1153; 87 rue Saint-Antoine, Paris, France
Space Invader PA_0704; 17 rue de la Cerisaie, Paris, France
Space Invader PA_1152; village Saint-Paul, Paris, France
Space Invader PA_071,;5 rue de Fourcy, Paris, France
Space Invader PA_0636; 32 rue de Poissy, Paris, France
Space Invader PA_0401; fontaine de Cuvier, Paris, France
Space Invader PA_0495; 17 rue de Navarre, Paris, France
Space Invader PA_0529; 15 rue de Pontoise, Paris, France
Space Invader PA_1241; 1 quai de la Tournelle, Paris, France
Space Invader PA_1245; pont de la Tournelle, Paris, France
Space Invader PA_1273; 39 rue Linné, Paris, France
Space Invader PA_1104; 68 rue Jenner, Paris, France
Space Invader PA_0102& PA_0564, ;42 boulevard de l'Hôpital, Paris, France
Space Invader PA_1205; bâtiment Marguerite Bottard, Paris, France
Space Invader PA_1240; 114 boulevard Vincent Auriol, Paris, France
Space Invader PA_0470 1057 & 1062,; 64 rue Tiquetonne, Paris, France
Space Invader PA_0062& PA_1078, ;99 rue de Réaumur, Paris, France
Space Invader PA_0977; passage Basfour, Paris, France
Space Invader PA_0859; 1 rue de la Lune, Paris, France
Space Invader PA_0841; 4 rue Marie Stuart, Paris, France
Space Invader PA_0800; 56bis rue du Louvre, Paris, France
Space Invader PA_0328; 40 rue Etienne Marcel, Paris, France
Space Invader PA_1165; 48 rue du Caire, Paris, France
Space Invader PA_0231; 1 rue Tiquetonne, Paris, France
Space Invader PA_0061; 2 rue des Petits Carreaux, Paris, France
Space Invader PA_0462; 44 rue de Cléry, Paris, France
Space Invader PA_0506; square Pierre Lazareff, Paris, France
Space Invader PA_0655; 34 rue Debelleyme, Paris, France
Space Invader PA_0575; 22 rue de Poitou, Paris, France
Space Invader PA_0083; fontaine Boucherat, Paris, France
Space Invader PA_0746; 79 rue Charlot, Paris, France
Space Invader PA_1033; 1 boulevard des Filles du Calvaire, Paris, France
Space Invader PA_0955; 12 rue Béranger, Paris, France
Space Invader PA_0820; 10 rue de Bretagne, Paris, France
Space Invader PA_0959; 1 rue du Forez, Paris, France
Space Invader PA_1094; 132 rue Vieille du Temple, Paris, France
Space Invader PA_0376; 28 rue de Poitou, Paris, France
Space Invader PA_1064; 16 rue Froissart, Paris, France
Space Invader PA_0963; 41 boulevard du Temple, Paris, France
Space Invader PA_0517; 13 rue Froissart, Paris, France
Space Invader PA_0429; 22 avenue Carnot, Paris, France
Space Invader PA_0916; 14 rue Bayen, Paris, France
Space Invader PA_0885; 36 rue Brey, Paris, France
Space Invader PA_0664; 31 rue des Acacias, Paris, France
Space Invader PA_0917; 2 rue de Fourcroy, Paris, France
Space Invader PA_1182; 22 rue Guersant, Paris, France
Space Invader PA_0475; 2 avenue de la Grande Armée, Paris, France
Space Invader PA_1251; 8 place Tristan Bernard, Paris, France
Space Invader PA_1253; 1 rue du Boccador, Paris, France
Space Invader PA_1254; 23 rue Marbeuf, Paris, France
Space Invader PA_0679; 1 rue de l'Arbalète, Paris, France
Space Invader PA_0765; 17 rue de l'Estrapade, Paris, France
Space Invader PA_0766; 97 rue Mouffetard, Paris, France
Space Invader PA_0557; 282 rue Saint-Jacques, Paris, France
Space Invader PA_0151; 28 rue Lhomond, Paris, France
Space Invader PA_1189; 43 rue Lacépède, Paris, France
Space Invader PA_1235& 1236, ;72 rue Claude Bernard, Paris, France
Space Invader PA_1132; 26 rue Coriolis, Paris, France
Space Invader PA_0559; 1 rue Raoul, Paris, France
Space Invader PA_0558; 45 rue de la Brèche aux Loups, Paris, France
Space Invader PA_1174; 14 rue des Fonds-Verts, Paris, France
Space Invader PA_0488; 79 rue de Wattignies, Paris, France
Space Invader VRS_010; 48 boulevard de Jardy, Paris, France
Space Invader PA_0626; 200 rue de la Convention, Paris, France
Space Invader PA_0247; 1 rue Firmin Gillot, Paris, France
Space Invader PA_0595; 183 rue de Lourmel, Paris, France
Space Invader PA_0357; 21 boulevard Lefebvre, Paris, France
Space Invader PA_0594; place Balard, Paris, France
Space Invader PA_1274; 10 square Desnouettes, Paris, France
Space Invader PA_0177; 12 rue du 29 Juillet, Paris, France
Space Invader PA_0843; 246 rue de Rivoli, Paris, France
Space Invader PA_0359; 45 rue Saint-Roch, Paris, France
Space Invader PA_0952; 4 rue du Chevalier de Saint-Georges, Paris, France
Space Invader PA_1215; 3 rue Danielle Casanova, Paris, France
Space Invader PA_0652; 25 rue des Sablons, Paris, France
Space Invader PA_1252; 110 rue Lauriston, Paris, France
Space Invader PA_0389; 86 rue de Botzaris, Paris, France
Space Invader PA_0589; 1 rue Melingue, Paris, France
Space Invader PA_1010; 1 Rue Carducci, Paris, France
Space Invader PA_1015; 29 rue de la Villette, Paris, France
Space Invader PA_1016; 34 rue de Crimée, Paris, France
Space Invader PA_1017; 86 rue de la Villette, Paris, France
Space Invader PA_1139; 93 rue de Belleville, Paris, France
Space Invader PA_1282; 106 avenue Auber, Paris, France
Médailles;, Paris, France
Discussion;, Paris, France
