code,invaders.geo,lat,lon
LY_0003, place Gabriel Rambaud. Lyon, 45.767879, 4.829440
LY_0006,49 Quai Saint-Vincent. 69001 Lyon, 45.767874, 4.828119
LY_0007,18 Rue Lainerie. 69005 Lyon, 45.764837, 4.828098
LY_0022, impasse Saint Polycarpe. Lyon, 45.768555, 4.834497
LY_0023, rue Donnée. Lyon, 45.769872, 4.834904
LY_0024, rue Burdeau. Lyon, 45.770307, 4.831682
LY_0043, passerelle Saint Georges, 45.756896, 4.826879
LY_0044,10-18 Rue Auguste Comte. 69002 Lyon, 45.755471, 4.831624
NY_0149,360 Troutman St. Brooklyn. NY 11237,40.70553,-73.92373
NY_0150,49 Wyckoff Ave. Brooklyn. NY 11237,40.705941, -73.921796
NY_0153,167 Bowery. New York. NY 10002. États-Unis,40.720115, -73.994141
NY_0156,272-290 Broome St. New York. NY 10002. États-Unis, 40.718385, -73.991160
NY_0158,391 6th Ave. New York. NY 10014. États-Unis,40.733393, -74.000326
NY_0160,1435 St Johns Pl. New York. État de New York,40.670598, -73.930919
NY_0161,192 Mott St. New York. NY 10012. États-Unis,40.721258, -73.995558
NY_0165,96 St Marks Pl. New York. NY 10009,40.7272,-73.98493
NY_0168,354 Broadway. Brooklyn,40.707623, -73.955702
NY_0169, pier 40. quai proche musée des enfants, 40.727739, -74.010664
NY_0171,Spiderman. angle St Mark Place et 2nd avenue. new york city, 40.728532, -73.987677
NY_0173,Woody Allen. 133 E 4th St, 40.725455, -73.987446
NY_0178,Andy Wharoll. angle East 5th and cooper square, 40.727774, -73.991101
NY_X001,161 Hester St. New York. NY 10013,40.71771,-73.9964
NY_X003,143 8th Ave. New York. NY 10011,40.74192,-74.00136
NY_X004,89 Avenue A. New York. NY 10009,40.7254,-73.98419
NY_X007,176 Delancey St. New York. NY 10002,40.71781,-73.985
NY_X008,E 3rd St. New York. NY 10003,40.7258600019081,-73.9905349972022
NY_X009,1st Ave. New York. NY 10065,40.7623350001105,-73.9600000005416
NY_X010,9th Ave. New York. NY 10014,40.7406191377359,-74.0056376275386
NY_X012,155 Grand St. New York. NY 10013,40.71989,-73.99899
NY_X013,505 W 24th St. New York. NY 10011,40.74877,-74.00408
NY_X014,22 Bond St. New York. NY 10012,40.72661,-73.99381
NY_X015,24 Watts St. New York. NY 10013,40.7235563381102,-74.0041569541917
NY_X016,183 Bowery. New York. NY 10002,40.72048,-73.99374
NY_X017,235 Bowery. New York. NY 10002,40.7224,-73.993
NY_X018,115 Delancey St. New York. NY 10002,40.71827,-73.98806
NY_X019,1 Spring St. New York. NY 10012,40.72116,-73.99413
NY_X020,143 E Houston St. New York. NY 10002,40.72312,-73.98994
NY_X021,66 Rivington St. New York. NY 10002,40.72066,-73.98999
NY_X022,457 W 17th St. New York. État de New York,40.744136, -74.006528
NY_X023,8th Ave. New York. NY 10014,40.7386578581304,-74.0036298204146
NY_X026,E Houston St. New York. NY 10012,40.7250199696149,-73.9951150179573
NY_X027,Crosby St. New York. NY 10013,40.7209150007611,-73.9994600031865
NY_X029,1 Howard St. New York. NY 10013,40.71969333,-74.00073333
NY_X030,68 Elizabeth St. New York. NY 10013. États-Unis,40.717730, -73.996273
PA_0002,45 Rue Quincampoix. 75004 Paris,48.86103,2.35045
PA_0003,14 Rue de la Montagne Sainte-Geneviéve. 75005 Paris,48.8488676,2.3484198
PA_0004,22 Rue Monge. 75005 Paris,48.84717,2.35103
PA_0005,25 Rue Guisarde. 75006 Paris,48.85179,2.33383
PA_0006,40 Rue de Seine. 75006 Paris,48.85508,2.33674
PA_0007, 87 quai de valmy. 75010. Paris  , 48.873100, 2.363571
PA_0008,  PA_1083. Impasse Cordon-Boussard,48.8657870000, 2.3975940000
PA_0010, 30 rue de Charonne,48.8532600000, 2.3757400000
PA_0013,47 Avenue Daumesnil. 75012 Paris,48.84739,2.37554
PA_0014,59 Avenue Ledru-Rollin. 75012 Paris,48.84893,2.37276
PA_0015,24 Rue de citeaux. 75014 Paris, 48.848145, 2.380798
PA_0016,76 Avenue Ledru-Rollin. 75012 Paris,48.84937,2.37419
PA_0017, face à la rue Voltaire,48.8157510000, 2.3619390000
PA_0018,16 Rue Saint-Vincent. 75018 Paris,48.88854,2.34131
PA_0019,Paris. Paris,48.873272, 2.364214
PA_0020, 20 rue Saint-Fiacre,48.8707180000, 2.3459080000
PA_0021, 12 rue Saint-Fiacre,48.8701370000, 2.3455640000
PA_0022,68 Rue de Turenne. 75003 Paris,48.85974,2.36466
PA_0023, 5 impasse Beaubourg,48.8622000000, 2.3534300000
PA_0024,73 Avenue des Gobelins. 75013 Paris,48.83339,2.35453
PA_0025, 2 rue de la Corderie,48.8646340000, 2.3634560000
PA_0027, fontaine des Haudriettes,48.8612070000, 2.3579490000
PA_0028,5 Rue Keller. 75011 Paris,48.85382,2.37649
PA_0029, 21 rue Pastourelle,48.8625970000, 2.3598940000
PA_0030,44 Rue Quincampoix. 75004 Paris,48.86094,2.35052
PA_0031, 30 rue de Venise,48.8612500, 2.3506800
PA_0032,108 Rue Vieille-du-Temple. 75003 Paris,48.86095,2.36281
PA_0034,61 Rue Vieille-du-Temple. 75004 Paris,48.85862,2.35847
PA_0036,7 Boulevard Vincent Auriol. 75013 Paris,48.83694,2.37335
PA_0037, 8 rue du Pasteur Wagner,48.8555700000, 2.3697630000
PA_0038, 1 passage Thérié,48.8532030000, 2.3749370000
PA_0039, croisement rue lanneau rue d'ecosse. 75005, 48.8483563, 2.3466237
PA_0040, 5 rue de la montagne Sainte Genevieve. 75005 , 48.84709,2.34814
PA_0041,Métro-Porte de la Villette. Paris,48.89905167,2.387109995
PA_0043, 26 rue de l'Hirondelle,48.8537000000, 2.3426800000
PA_0044,2 Rue de l'Ancienne Comédie. 75006 Paris,48.8535899,2.33829
PA_0046, statue de Danton,48.8522670000, 2.3391780000
PA_0047, 4bis passage de la Main d'Or,48.8516000000, 2.3779600000
PA_0048, 10 rue Amelot,48.8558600000, 2.3693000000
PA_0049,117 Rue Oberkampf. 75011 Paris,48.86601,2.3785599
PA_0051, 13 rue de Charonne,48.8528400000, 2.3744000000
PA_0053,16 Boulevard Vincent Auriol. 75013 Paris,48.83697,2.3722
PA_0055,43 Rue du Moulin des Prés. 75013 Paris,48.82765,2.3529399
PA_0056,10 Rue Simonet. 75013 Paris,48.82873,2.35155
PA_0058,14 Rue Louise Weiss. 75013 Paris,48.83334,2.37073
PA_0059,1 Rue Lacordaire. 75015 Paris,48.84427,2.2846099
PA_0060,Impasse Saint-Eustache. 75001 Paris,48.86376,2.34547
PA_0061,2 Rue des Petits-Carreaux. 75002 Paris,48.86639,2.34726
PA_0062,99 Rue Réaumur. 75002 Paris,48.86764,2.3455499
PA_0063, 74 rue de Charonne,48.8534210000, 2.3798630000
PA_0064, devant le Musée d'Art Moderne,48.8647660000, 2.2973970000
PA_0065, 30 rue de Lappe,48.8530920000, 2.3739140000
PA_0066,63 Rue des Trois Fréres. 75018 Paris,48.8855999,2.33815
PA_0067,63 Rue des Trois Fréres. 75018 Paris,48.8855999,2.33815
PA_0068,63 Rue des Trois Fréres. 75018 Paris,48.8855999,2.33815
PA_0069,40 Rue du Banquier. 75013 Paris,48.8347,2.35424
PA_0070, 1 rue de la Verrerie,48.8568290000, 2.3554650000
PA_0071, 5 rue de Fourcy,48.8548020000, 2.3590200000
PA_0072,Rue Charles Luizet. 75011 Paris,48.86166,2.36732
PA_0073,93 Rue Jean-Pierre Timbaud. 75011 Paris,48.86834,2.37926
PA_0075, sur le piédestal du lion,48.8342950000, 2.3324660000
PA_0076, statue de Jeanne &quot,48.8383300000, 2.3570130000
PA_0077,10 Rue de Fleurus. 75006 Paris,48.84713,2.33128
PA_0078,Passage du Moulin des Prés. 75013 Paris,48.82904,2.3532
PA_0079,5 Rue Chéreau. 75013 Paris,48.82785,2.35146
PA_0080,5 Rue Ballu. 75009 Paris,48.88159,2.33103
PA_0081,88 Rue Saint-Maur. 75011 Paris,48.86493,2.37793
PA_0082, pasage de la Voûte,48.8468920000, 2.4085960000
PA_0083,Paris. Paris,48.864766, 2.364624
PA_0084,15 Rue du Pas-de-la-Mule. 75004 Paris,48.85597,2.36678
PA_0085, 58 rue de Charonne,48.8531940000, 2.3781920000
PA_0087, escalier du port de la Gare,48.8373940000, 2.3741620000
PA_0090, métro Etienne Marcel,48.8637200000, 2.3489900000
PA_0092,8 Rue de la Ferronnerie. 75001 Paris,48.86034,2.34734
PA_0093,Pont du Carrousel. Paris,48.86000061,2.333333015
PA_0094, porte Fleurus du jardin du Luxembourg,48.8470400000, 2.3326300000
PA_0095,65 Rue de Richelieu. 75002 Paris,48.8672899,2.33759
PA_0097, 205 rue de Charenton,48.8394400000, 2.3890050000
PA_0098,  PA_0099. sur la fontaine Saint-Michel,48.8531920000, 2.3437020000
PA_0099,  PA_0099. sur la fontaine Saint-Michel,48.8531920000, 2.3437020000
PA_0102,42 Boulevard de l'Hépital. 75005 Paris,48.84008,2.36155
PA_0103, 30 rue du Temple. dans la cour,48.8592530000, 2.3540450000
PA_0105, à droite du lion de la statue,48.8674400000, 2.3638000000
PA_0106,2 Rue Charlemagne. 75004 Paris,48.85392,2.36188
PA_0109,Musée National d'Art Moderne. Paris,48.860, 2.3526
PA_0110,91 Rue Quincampoix. 75003 Paris,48.86257,2.35122
PA_0111, école primaire Hermel,48.8915980000, 2.3446640000
PA_0112,19 Rue Gassendi. 75014 Paris,48.83505,2.32702
PA_0113,46 Rue du Cardinal Lemoine. 75005 Paris,48.84662,2.35141
PA_0114,26 Rue Vieille-du-Temple. 75004 Paris,48.85714,2.35734
PA_0115,Paris. Paris,48.858377, 2.359364
PA_0116, 45 passage Thiéré,48.8547190000, 2.3727640000
PA_0117,Paris. Paris,48.854502, 2.372803
PA_0118, 1 rue Raymond Ayron,48.8355760000, 2.3753470000
PA_0119,102 Rue de Bagnolet. 75020 Paris,48.85936,2.40271
PA_0120,44 Quai de Jemmapes. 75010 Paris,48.86954,2.36718
PA_0121, 7 rue des Saints-Pères,48.8576290000, 2.3327970000
PA_0122,Rue de la Clef. 75005 Paris,48.84211,2.35265
PA_0124,40 Rue de l'Arcade. 75008 Paris,48.87348,2.32444
PA_0125, sud de la Fontaine aux Lions,48.8395400000, 2.3958100000
PA_0126, pont d'Iéna (rive gauche),48.8592220000, 2.2926810000
PA_0128, 1 rue de Charonne,48.8520000000, 2.3737600000
PA_0131,53 Rue des Orteaux. 75020 Paris,48.8564999,2.40307
PA_0132,97 Rue des Maraéchers. 75020 Paris,48.85627,2.40529
PA_0133,7 Passage de la Main-d'Or. 75011 Paris,48.8516,2.37788
PA_0143,Place du Chételet. Paris,48.85749817,2.34722209
PA_0144, face au 49 rue Saint-Merri,48.8601400000, 2.3507800000
PA_0145, 9 rue Saint-Merri,48.8593000000, 2.3530090000
PA_0146,2 rue Véronese. Paris,48.834213,2.355482
PA_0147,Gare d'Austerlitz. Paris,48.84222412,2.365833044
PA_0148, sur le pont d'Arcole,48.8559300000, 2.3506300000
PA_0149, 1 rue de Turenne,48.8547170000, 2.3629110000
PA_0150, angle de la Sorbonne,48.8474500000, 2.3435800000
PA_0151,28 Rue Lhomond. 75005 Paris,48.84296,2.34688
PA_0152,Praéa da Concérdia. Paris,48.86505508,2.321854115
PA_0154,metro de Bel-Air. Paris,48.840948,2.400909
PA_0155,16 Rue des 3 Portes. 75005 Paris,48.8513499,2.34829
PA_0156,2 Rue Simon le Franc. 75004 Paris,48.85993,2.35424
PA_0157,10 Rue Clovis. 75005 Paris,48.8463246,2.3489241
PA_0158,7 Rue Debelleyme. 75003 Paris,48.86068,2.3637
PA_0159, 69 rue d'Hauteville. 75009, 48.876, 2.351
PA_0160,16 Rue André Barsacq. 75018 Paris,48.88537,2.34071
PA_0161,17 Rue Yvonne le Tac. 75018 Paris,48.88416,2.33955
PA_0162,8 Quai de la Seine. 75019 Paris,48.88487,2.37108
PA_0163,133 Rue Saint-Jacques. 75005 Paris,48.846906,2.34358
PA_0165,5 Rue Cortot. 75018 Paris,48.8876,2.34072
PA_0166,21 Rue Georges Auric. 75019 Paris,48.88519,2.38525
PA_0167,  PA_0168. 37 rue Richelieu,48.8655230000, 2.3366740000
PA_0168,  37 rue Richelieu,48.8655230000, 2.3366740000
PA_0169,2 Rue du Mont-Cenis. 75018 Paris,48.8867,2.34151
PA_0172, 21 rue Carpeaux,48.8911900000, 2.3318000000
PA_0175,18 Passage du Chantier. 75012 Paris,48.85151,2.37352
PA_0176,12 Rue Cassette. 75006 Paris,48.84984,2.3307699
PA_0177,Rue du 29 Juillet. 75001 Paris,48.86493,2.33047
PA_0178,165 Rue du Faubourg Saint-Honoré. 75008 Paris,48.87466,2.30595
PA_0179, entrée du tunnel de Champigny,48.8272500000, 2.5072100000
PA_0180,14 Rue Madame. 75006 Paris,48.85113,2.33191
PA_0181,Rue Madame. 75006 Paris,48.84863,2.3316499
PA_0182,18 Rue Madame. 75006 Paris,48.8508535,2.3317096
PA_0183,19 Rue des Mystéres de Paris. 95400 Villiers-le-Bel,49.006,2.41281
PA_0184,2 Rue Mignon. 75006 Paris,48.85218,2.34161
PA_0185, 11 rue Scribe. 75009, 48.872699,2.33108
PA_0188, 39 rue des Francs-Bourgeois,48.8578800000, 2.3601800000
PA_0189,3 Rue Geoffroy l'Angevin. 75004 Paris,48.86055,2.35442
PA_0190, 1 rue Stendhal,48.8602080000, 2.4037040000
PA_0191,21 Chemin du Parc de Charonne. 75020 Paris,48.86081,2.40285
PA_0192, face au 130 rue de Bagnolet,48.8609740000, 2.4049650000
PA_0193,29 Rue Réaumur. 75003 Paris,48.86527,2.35648
PA_0194,61 Rue du Chemin Vert. 75011 Paris,48.85994,2.37729
PA_0195,Avenue de la Porte de Clignancourt. 75018 Paris,48.8999499,2.3439199
PA_0196, place de la Bataille de Stalingrad,48.8837030000, 2.3688950000
PA_0197,rue joseph de maistre. Paris,48.886669,2.332505
PA_0198, 31 rue saint marthe.75010 Paris, 48.874314,2.372519 
PA_0200,194 Rue de Bercy. 75012 Paris,48.8446575,2.3722657
PA_0201,19 Rue Georges Lardennois. 75019 Paris,48.87807,2.37691
PA_0205, parvis de Saint-Vincent-de-Paul,48.8780730000, 2.3516800000
PA_0206,Place de Clichy. Paris,48.88351822,2.327394009
PA_0207,7 Rue Damrémont. 75018 Paris,48.8876599,2.33256
PA_0208, métro Raspail,48.8374280000, 2.3314910000
PA_0209, sur la coque du Batofar,48.8333510000, 2.3793870000
PA_0211, 30 rue du Faubourg Saint-Antoine,48.8524410000, 2.3716070000
PA_0212, 123 boulevard de Charonne,48.8570500000, 2.3930500000
PA_0213, 84 rue Mouffetard,48.8420990000, 2.3496830000
PA_0215,  PA_1056. 0 rue Montgallet,48.8425920000, 2.3861570000
PA_0216,67 Rue de l'Amiral Mouchez. 75013 Paris,48.82138,2.34313
PA_0218,Paris. Paris,48.844212, 2.372015
PA_0219, face au 8 rue André Voguet,48.8195700000, 2.3736700000
PA_0220,Métro-Quai de la Gare. Paris,48.83745956,2.373749971
PA_0221,91 Rue Rébeval. 75019 Paris,48.87393,2.38266
PA_0222,94 Rue du Faubourg du Temple. 75011 Paris,48.87103,2.37427
PA_0223,20 Rue Abel. 75012 Paris,48.84814,2.37605
PA_0224, sur les panneaux d'information du périph',48.8198740000, 2.3736070000
PA_0225,Métro-Porte d'Ivry. Paris,48.82165909,2.369950056
PA_0226,83 Rue d'Hauteville. 75010 Paris,48.87684,2.35124
PA_0227, 15 rue Martel. Paris 10, 48.874137, 2.353022
PA_0228,Rue de l'Ourcq. 75019 Paris,48.8933,2.37708
PA_0229,Rue Antoine Dubois. 75006 Paris,48.85121,2.33987
PA_0231,1 Rue Tiquetonne. 75002 Paris,48.86428,2.34995
PA_0232, 11 rue Française,48.8645430000, 2.3476720000
PA_0233,1 Rue des Cévennes. 75015 Paris,48.84444,2.2762699
PA_0236, 16 rue Magellan,48.8709500000, 2.2996400000
PA_0238, 8 rue François 1er,48.8660540000, 2.3075210000
PA_0240,23 Boulevard Diderot. 75012 Paris,48.84598,2.3735
PA_0241, métro Bel-Air face sud,48.8410060000, 2.4008850000
PA_0243,8BIS Rue Abel. 75012 Paris,48.84668,2.37504
PA_0245,47 Rue Oberkampf. 75011 Paris,48.86456,2.3719199
PA_0247,1 Rue Firmin Gillot. 75015 Paris,48.8332953,2.2897599
PA_0248,64 Rue de la Fontaine-au-Roi. 75011 Paris,48.86826,2.37444
PA_0250, entrée du mini-square de Jemmapes,48.8688610700, 2.3673552270
PA_0251, à l'ouest de la fontaine des Innocents,48.8606680000, 2.3480060000
PA_0253, pont de l'Alma côté rive droite,48.8640590000, 2.3013870000
PA_0254, 101 avenue des Champs-Élysées,48.8718090000, 2.3005410000
PA_0255, sous le banc face à l'arrêt de bus Varsovie,48.8612970000, 2.2913540000
PA_0256, place de Varsovie,48.8608660000, 2.2918050000
PA_0257, métro Passy,48.8576960000, 2.2857130000
PA_0258,29 Avenue de Lamballe. 75016 Paris,48.85439,2.27883
PA_0262, place de la Nation (côté avenue du Trône),48.8480060000, 2.3972850000
PA_0263, sur les marches du métro Victor Hugo,48.8699500000, 2.2856630000
PA_0264,115 Rue de la Tour. 75116 Paris,48.86298,2.27546
PA_0265, face au 27 boulevard Jules Sandeau,48.8629230000, 2.2722690000
PA_0266, 11 rue de la Manutention,48.8646490000, 2.2956400000
PA_0267, 10 rue de Magdebourg,48.8641440000, 2.2902350000
PA_0268, 96 rue de Courcelles,48.8790020000, 2.3036070000
PA_0269,Redoute de Gravelle. Paris,48.81888962,2.454443932
PA_0270,2 Rue Yves Toudic. 75010 Paris,48.86835,2.36532
PA_0271,7 Rue de Vaucouleurs. 75011 Paris,48.86898,2.37757
PA_0272, 96 rue de Tolbiac,48.8268000000, 2.3641640000
PA_0273,21 Rue Aubry-le-Boucher. 75004 Paris,48.86037,2.35
PA_0275, 14 rue Pierre Dupont,48.8794290000, 2.3652260000
PA_0277,31 Rue de Charonne. 75011 Paris,48.85337,2.37581
PA_0278,53 Rue des Maraéchers. 75020 Paris,48.85295,2.40652
PA_0279, 116 rue du Faubourg du Temple,48.8716300000, 2.3761500000
PA_0280,8 Rue Spinoza. 75011 Paris,48.86379,2.38596
PA_0282,61 Rue de la Verrerie. 75004 Paris,48.85803,2.35268
PA_0283, 101 rue du Faubourg du Temple,48.8708400000, 2.3735500000
PA_0285, passage Ben Aiad,48.8660300000, 2.3460700000
PA_0286,28 Rue du Chevalier de la Barre. 75018 Paris,48.88751,2.3442599
PA_0287,12 Rue Vieille-du-Temple. 75004 Paris,48.85646,2.35681
PA_0291, 15 rue des Plâtrières,48.8678677500, 2.3901218175
PA_0293,84 Rue du Faubourg du Temple. 75011 Paris,48.8706699,2.3734099
PA_0295,4 Rue du Jour. 75001 Paris,48.86378,2.34486
PA_0301,44 Rue de Charenton. 75012 Paris,48.85025,2.37346
PA_0302,rue de l'encheval,48.879049,2.389844
PA_0303, 24 passage Boiton,48.8268200000, 2.3507500000
PA_0305, face au 49 rue Geoffroy-Saint-Hilaire,48.8427100000, 2.3555100000
PA_0307,77 Rue de Ménilmontant. 75020 Paris,48.86859,2.38901
PA_0308,2 quai du 4 septembre (bordure route grille bleue). Boulogne Billancourt,48.841378,2.225242
PA_0309,Boulevard de l'Amiral Bruix. 75116 Paris,48.87542,2.2799
PA_0310,Métro-Porte de Saint-Cloud. Paris,48.83779144,2.256160021
PA_0311, face au 5 rue Bréa,48.8435790000, 2.3302930000
PA_0312,Saint-Pierre de Montrouge. Paris,48.82846451,2.327204943
PA_0315,32 Boulevard Auguste Blanqui. 75013 Paris,48.83044,2.35136
PA_0316,Rue des Artistes. 75014 Paris,48.82649,2.3346
PA_0317,Fondation Cartier Pour L Art Contemporain. Paris,48.83729935,2.331899881
PA_0320, 34 rue du Faubourg Saint-Jacques,48.8366220000, 2.3381290000
PA_0321, 17 rue Malebranche,48.8465370000, 2.3420150000
PA_0322, 77 allée du Séminaire,48.8488610000, 2.3328830000
PA_0323,102 Rue de Charonne. 75011 Paris,48.85441,2.38444
PA_0325, 17 rue Robineau,48.8649600000, 2.3939700000
PA_0327, 29 rue du Faubourg Poissonnière,48.8730100000, 2.3478100000
PA_0328,40 Rue étienne Marcel. 75002 Paris,48.86512,2.34422
PA_0329,14 Rue Pajol. 75018 Paris,48.88585,2.36091
PA_0330, 102 rue du Faubourg Poissonnière,48.8784070000, 2.3492660000
PA_0331,2 Rue Pierre au Lard. 75004 Paris,48.85945,2.35306
PA_0332,41 Rue du Repos. 75020 Paris,48.85954,2.38954
PA_0334,Place Valhubert. 75013 Paris,48.84376,2.36538
PA_0335, 135 boulevard de la Villette,48.8821240000, 2.3699490000
PA_0336, centre d'Hygiène Sociale,48.8904390000, 2.3532390000
PA_0339,Square du Docteur Grancher. Paris,48.86534119,2.39470005
PA_0340, 45 quai de Bourbon,48.8535600000, 2.3536300000
PA_0342,19 Rue Laferriére. 75009 Paris,48.87904,2.33705
PA_0343, pont d'Iéna (rive droite),48.8601730000, 2.2911050000
PA_0345,95 Rue de Sévres. 75006 Paris,48.84882,2.32154
PA_0346, 16 boulevard Pasteur,48.8429050000, 2.3122450000
PA_0347,Passage des épinettes. 75014 Paris,48.843361, 2.325374
PA_0348, 39bis boulevard de la Chapelle,48.8840370000, 2.3562540000
PA_0349, 7 avenue Bosquet,48.8612450000, 2.3025930000
PA_0350,Avenue d'Ivry. 75013 Paris,48.82382,2.36462
PA_0351, 74 rue des Pyrennées. Paris 20, 48.869989, 2.394452
PA_0352, 21 rue d'Alsace,48.8776748220, 2.3582142591
PA_0353, sortie de métro face au 27 boulevard de la Madeleine,48.8694600000, 2.3247500000
PA_0354,13 Rue Jean Lantier. 75001 Paris,48.8585474,2.3458221
PA_0355,4 Rue de la Grande-Truanderie. 75001 Paris,48.86268,2.34978
PA_0357,21 Boulevard Lefebvre. 75015 Paris,48.8320999,2.29021
PA_0358, 14 rue de Savies,48.8714630000, 2.3912850000
PA_0359,45 Rue Saint-Roch. 75001 Paris,48.86649,2.3329
PA_0360,Rue Saint-Roch. 75001 Paris,48.86571,2.33248
PA_0362, en face de Chez Prune,48.8717240000, 2.3647040000
PA_0363, 116 avenue de Choisy,48.8262982710, 2.3600086569
PA_0364, 347 rue de Vaugirard,48.8371100000, 2.2963800000
PA_0365,268 Rue de Vaugirard. 75015 Paris,48.83926,2.3001
PA_0366,127 Rue Castagnary. 75015 Paris,48.82991,2.30347
PA_0367, 108 rue Brancion,48.8298100000, 2.3017000000
PA_0369,7 Rue Jules Vallés. 75011 Paris,48.8533199,2.3850699
PA_0371,Paris. Paris,48.850542, 2.383411
PA_0372, 63 rue du Faubourg Saint-Antoine,48.8519100000, 2.3740400000
PA_0373, 121 rue Oberkampf,48.8660610000, 2.3788090000
PA_0374,29 Boulevard Raspail. 75007 Paris,48.85315,2.32659
PA_0375,2 Rue de l'Est. 75020 Paris,48.87095,2.39519
PA_0376,28 Rue de Poitou. 75003 Paris,48.86166,2.36255
PA_0377, 52 boulevard Voltaire,48.8630200000, 2.3710500000
PA_0378,45 Rue de Poitou. 75003 Paris,48.86172,2.36133
PA_0379, 17 rue des Blancs-Manteaux,48.8588100000, 2.3573100000
PA_0380, port du Gros-caillou,48.8629470000, 2.3092890000
PA_0381,Place Joffre. 75007 Paris,48.851529, 2.301350
PA_0384,26 Rue du Moulin-Joly. 75011 Paris,48.86988,2.3782899
PA_0385,41 Rue Dunois. 75013 Paris,48.83151,2.3685299
PA_0386,Boulevard des Batignolles. 75017 Paris,48.88284,2.32365
PA_0388,Gare Montparnasse. Paris,48.84000015,2.318610907
PA_0389,86 Rue Botzaris. 75019 Paris,48.87943,2.3894
PA_0390,1 Passage Gustave Lepeu. 75011 Paris,48.8560299,2.38639
PA_0391,114 Quai de Bercy. 75012 Paris,48.83178,2.38531
PA_0392,35 Quai des Grands-Augustins. 75006 Paris,48.8546,2.34234
PA_0394,Pont Saint-Michel. Paris,48.85416794,2.344722033
PA_0395,Rue Chomel. 75007 Paris,48.85215,2.32571
PA_0396, 49 rue de Beaubourg,48.8626680000, 2.3544100000
PA_0398,Paris. Paris,48.847425, 2.365762
PA_0399, pont de l'Alma,48.8625860000, 2.3021840000
PA_0400, 93 quai d'Orsay,48.8621660000, 2.3022840000
PA_0401,Paris. Paris,48.843974, 2.355034
PA_0402, quai Anantole France,48.8624400000, 2.3201500000
PA_0403,Parc Georges Brassens. Paris,48.83274078,2.300570011
PA_0404,2 Place de la Bourse. 75002 Paris,48.86958,2.34211
PA_0405,110 Rue Castagnary. 75015 Paris,48.83019,2.30559
PA_0406, 4 rue de Braque,48.8607470000, 2.3571330000
PA_0407,93 Rue Vieille-du-Temple. 75003 Paris,48.86011,2.36091
PA_0410,Rue de la Mare. 75020 Paris,48.87104,2.38982
PA_0411,68 Rue Orfila. 75020 Paris,48.867,2.39798
PA_0412, 15 rue Robineau,48.8647990000, 2.3935520000
PA_0413,3 Boulevard Malesherbes. 75008 Paris,48.86996,2.32306
PA_0414, 2 rue du 11 Novembre 1918. Pantin,48.892235, 2.410148
PA_0415,34 Rue Titon. 75011 Paris,48.85286,2.38636
PA_0416, 9 rue de Marseille,48.8715370000, 2.3632210000
PA_0418,139 Avenue Michelet. 93400 Saint-Ouen,48.90184,2.34418
PA_0420,45 rue Anselme. Saint Ouen,48.909302, 2.335866
PA_0421,71 Rue des Rondeaux. 75020 Paris,48.86405,2.39658
PA_0422, 32 rue Dunois,48.8312400000, 2.3691800000
PA_0423,63 Avenue Franklin Delano Roosevelt. 75008 Paris,48.87187,2.30987
PA_0424,Rue de la Manutention. 75116 Paris,48.86407,2.296
PA_0426,Paris. Paris,48.815865, 2.356636
PA_0427, 10 rue de Tolbiac,48.8299120000, 2.3753630000
PA_0428, 7 avenue de la Grande Armée,48.8745040000, 2.2923560000
PA_0429,22 Avenue Carnot. 75017 Paris,48.87644,2.29303
PA_0430,Paris. Paris,48.872322, 2.365239
PA_0431, rond-point de la porte de Vincennes,48.8472690000, 2.4142880000
PA_0432, rue de l'est. Paris 20, 48.871086, 2.393168
PA_0433,33 Rue Sibuet. 75012 Paris,48.84335,2.40227
PA_0434,19 Rue Lamblardie. 75012 Paris,48.8408,2.39814
PA_0436, 123 Rue Saint-Martin (Centre culturel Serbie). 75004 Paris,48.860911,2.351066
PA_0437, place du Colonel Fabien,48.8776510000, 2.3705950000
PA_0438,Rue Manin. 75019 Paris,48.88333,2.38841
PA_0439,134 Boulevard de Clichy. 75018 Paris,48.88412,2.32831
PA_0441,7 rue Gabriel Péri. Kremlin Bicetre,48.815355, 2.356006
PA_0442, 55 rue Olivier Metra. Paris 20e, 48.874509, 2.392939
PA_0443, entrée sud des Buttes Chaumont,48.8761500000, 2.3810940000
PA_0444,14 Rue Chaudron. 75010 Paris,48.88314,2.36585
PA_0445, 181 rue Lafayette,48.8803031210, 2.3608160018
PA_0446,174 Rue Saint-Maur. 75011 Paris,48.87034,2.37324
PA_0447, à l'intérieur d'Artazart,48.8726500000, 2.3637700000
PA_0448,80 Quai de Jemmapes. 75010 Paris,48.87215,2.36515
PA_0449,73 Rue du Faubourg Saint-Honoré. 75008 Paris,48.87149,2.31485
PA_0450, 5 rue Volta,48.8647700000, 2.3568620000
PA_0451,39 Rue de Charonne. 75011 Paris,48.85335,2.37649
PA_0452,5 Passage Saint-Antoine. 75011 Paris,48.85284,2.3763899
PA_0453,24 Rue des Amandiers. 75020 Paris,48.86432,2.38948
PA_0454,Paris. Paris,48.873136, 2.363675
PA_0455,48 Rue Mazarine. 75006 Paris,48.85512,2.33775
PA_0456,1 Place d'Iéna. 75116 Paris,48.86453,2.2942999
PA_0458, 16 rue Elise Borey,48.8664030000, 2.3909360000
PA_0459,Métro-Chevaleret. Paris,48.83454514,2.367082119
PA_0460,39P Rue Louise Weiss. 75013 Paris,48.83448,2.36935
PA_0461,Rue Charles Renouvier. 75020 Paris,48.86175,2.40026
PA_0462,44 Rue de Cléry. 75002 Paris,48.8683,2.34739
PA_0465,114 Rue de la Roquette. 75011 Paris,48.85694,2.3785
PA_0466,51 Rue de la Fontaine-au-Roi. 75011 Paris,48.86816,2.37346
PA_0467, parc de Belleville,48.8715670000, 2.3849690000
PA_0468,67 Rue Montorgueil. 75002 Paris,48.865897, 2.347077
PA_0470,64 Rue Tiquetonne. 75002 Paris,48.86484,2.34551
PA_0471,83 Rue de Ménilmontant. 75020 Paris,48.86885,2.3899
PA_0472,Rue Gaby Sylvia. 75011 Paris,48.85899,2.37099
PA_0473,3 Rue Saint-Sulpice. 75006 Paris,48.85148,2.33796
PA_0474,2 Rue de Prony. 75017 Paris,48.88062,2.30849
PA_0475,2 Avenue de la Grande Armée. 75017 Paris,48.87437,2.29333
PA_0476, 1 rue Paul Baudry,48.8718100400, 2.3060882091
PA_0477,  271b rue de Paris. Montreuil,48.854275, 2.415431
PA_0478,Paris. Paris,48.852190, 2.283762
PA_0480,14 Rue du Roi de Sicile. 75004 Paris,48.85591,2.35968
PA_0481, sous la plaque de rue du coin du parc,48.8449740000, 2.3324820000
PA_0482,24 Rue Pavée. 75004 Paris,48.85711,2.36172
PA_0484,24 Rue de Vienne. 75008 Paris,48.87817,2.3228399
PA_0485, 15 rue Paul Valérie,48.8702640000, 2.2899090000
PA_0486, 26 rue Vaneau,48.8529090000, 2.3190900000
PA_0488,79 Rue de Wattignies. 75012 Paris,48.83495,2.39994
PA_0489, 1 rue Clavel,48.8741114050, 2.3855942487
PA_0490,10 Rue du Chemin-de-Fer. 75019 Paris,48.89957,2.3911699
PA_0492, 21 rue du Soleil. PAris 20, 48.873944, 2.395232
PA_0493, 87 rue Saint-Honoré,48.8612400000, 2.3435000000
PA_0494, 41 rue Delambre,48.8413275280, 2.3251493275
PA_0495,Rue de Navarre. 75005 Paris,48.8444,2.35339
PA_0496,51 Boulevard Saint-Martin. 75003 Paris,48.86872,2.35615
PA_0497, sortie routière de Roissy-Charles-de-Gaulle,49.0067620000, 2.5281520000
PA_0498,64 Rue de La Rochefoucauld. 75009 Paris,48.88075,2.3357199
PA_0499, pont Eugène-Varlin,48.8775190000, 2.3655070000
PA_0501, au pied des escaliers du boulevard du Temple,48.8663610000, 2.3646730000
PA_0502,29 Rue Censier. 75005 Paris,48.84035,2.35292
PA_0503,74 Rue de Turenne. 75003 Paris,48.8604,2.36468
PA_0504,52 Rue des Rosiers. 75004 Paris,48.85774,2.35832
PA_0506,Square Pierre Lazareff. 75002 Paris,48.86715,2.34768
PA_0507,21 Rue Juliette Dodu. 75010 Paris,48.87531,2.36906
PA_0508, 9 rue des Prouvaires,48.8617020000, 2.3441750000
PA_0510, place de la Bastille,48.8532656000, 2.3706489801
PA_0514,Palais de Tokyo. Paris,48.86412048,2.297209978
PA_0515,278 Rue du Faubourg Saint-Antoine. 75012 Paris,48.84848,2.39362
PA_0516,Rue de Ménilmontant. 75020 Paris,48.86849,2.38888
PA_0517,13 Rue Froissart. 75003 Paris,48.86166,2.3654099
PA_0520, viaduc rue Jacques Kablé,48.8355460000, 2.4946960000
PA_0521, cimetière de Belleville,48.8755380000, 2.3998250000
PA_0522,Square Jules Ferry. Paris,48.86767578,2.367933035
PA_0523, face au 4 rue Jean du Bellay,48.8527870000, 2.3532240000
PA_0524, 244 avenue du Général de Gaulle. Champigny sur Marne,48.827007,2.508475
PA_0525, 16 rue Saint-Merri,48.8594820000, 2.3527590000
PA_0526, au croisement de l'A86 et de la ligne de RER E,48.8604320000, 2.4871260000
PA_0527, 74 rue Dunois,48.8331810000, 2.3662210000
PA_0528, 13 rue des Anglais,48.8506320000, 2.3475600000
PA_0529,Rue de Pontoise. 75005 Paris,48.84952,2.35173
PA_0530, 83 rue de la Mare,48.8735120000, 2.3884210000
PA_0531,129 Rue de Ménilmontant. 75020 Paris,48.87012,2.39502
PA_0532,113 Rue Oberkampf. 75011 Paris,48.86591,2.37815
PA_0533, sous le périph' porte de Cligancourt,48.9008160000, 2.3438110000
PA_0534,Palais de Tokyo. Paris,48.86412048,2.297209978
PA_0535,Rue de Terre-Neuve. 75020 Paris,48.85466,2.39864
PA_0536, 7 rue de la Planchette,48.8395200000, 2.3887100000
PA_0539, 30 rue Beaubourg dans la cour,48.8620140000, 2.3541910000
PA_0540, impasse Questre,48.8682000000, 2.3813100000
PA_0542,5 Rue de Rambouillet. 75012 Paris,48.84349,2.37931
PA_0543,1 Rue Duchefdelaville. 75013 Paris,48.8324799,2.37094
PA_0545, 62 rue Villiers de l'Isle Adam,48.8676100000, 2.3965900000
PA_0546, 320bis rue de Charenton,48.8319830000, 2.3971700000
PA_0547,Place Frehel. 75020 Paris,48.87314,2.38178
PA_0548, 103 rue du Faubourg du Temple,48.8709790000, 2.3738440000
PA_0549, 54 rue des Vinaigriers,48.8732619600, 2.3589451610
PA_0550, 8 rue de l'Échaudé,48.8548200000, 2.3366000000
PA_0551, 1 avenue Ibsen,48.8652350000, 2.4115010000
PA_0552,3 Rue Auber. 75009 Paris,48.87166,2.33026
PA_0553,74 Rue des Martyrs. 75018 Paris,48.88254,2.33975
PA_0554, 101 rue de Reuilly,48.8432570000, 2.3915610000
PA_0555,11 Boulevard Beaumarchais. 75004 Paris,48.85455,2.3685299
PA_0556,2 Rue de l'Hétel-Colbert. 75005 Paris,48.85188,2.34898
PA_0557,282 Rue Saint-Jacques. 75005 Paris,48.84162,2.34107
PA_0558,45 Rue de la Bréche aux Loups. 75012 Paris,48.83863,2.39591
PA_0559,1 Rue Raoul. 75012 Paris,48.83874,2.39638
PA_0560,65 Boulevard Flandrin. 75116 Paris,48.86855,2.27407
PA_0562, 20 rue des Cloys. 75018, 48.893, 2.340
PA_0563,2 Place du Palais-Royal. 75001 Paris,48.86237,2.33732
PA_0564,42 Boulevard de l'Hépital. 75005 Paris,48.84008,2.36155
PA_0565,3 Rue Philippe de Girard. 75010 Paris,48.88096,2.36184
PA_0566, 181 rue de la Roquette,48.8598670000, 2.3885140000
PA_0567, 117 rue Haxo,48.8760230000, 2.4022230000
PA_0568,2 Rue de l'Aqueduc. 75010 Paris,48.87995,2.35893
PA_0569,Paris. Paris,48.816040, 2.443858
PA_0570, 82 rue François Miron,48.8553000000, 2.3595000000
PA_0571, 10 boulevard de la Bastille,48.8472600000, 2.3674600000
PA_0572, 27 rue du Roi de Sicile,48.8564830000, 2.3573850000
PA_0573, rue de l'est. Paris 20, 48.871230, 2.393000
PA_0575,22 Rue de Poitou. 75003 Paris,48.8616,2.36298
PA_0576, 2 place du Carrousel,48.8624410000, 2.3352720000
PA_0577,5 Rue Levert. 75020 Paris,48.8737,2.39042
PA_0578,Place Henri Queuille. 75015 Paris,48.84511,2.31109
PA_0579,Place du Carrousel. 75001 Paris,48.86154,2.33454
PA_0580, 59 rue de la Verrerie,48.8579500000, 2.3528800000
PA_0581, entrée nord-est du Carrousel,48.8624650000, 2.3351640000
PA_0582,Rue Villedo. 75001 Paris,48.86624,2.33632
PA_0583,2 Impasse d'Amsterdam. 75008 Paris,48.8778099,2.32647
PA_0585,Métro-Rambuteau. Paris,48.86099243,2.353472948
PA_0586, 89 boulevard Beaumarchais,48.8591930000, 2.3674390000
PA_0587, Centre Pompidou. tuyau rue du renard, 48.8597, 2.3526
PA_0588, 5 rue Charles V,48.8526337950, 2.3632380366
PA_0589,1 Rue Mélingue. 75019 Paris,48.87448,2.38612
PA_0590,17 Rue étienne Marcel. 75001 Paris,48.86367,2.34937
PA_0591, villa du Clos de Malvert,48.8691060000, 2.3729970000
PA_0592,19 Rue Léon Frot. 75011 Paris,48.85427,2.3876
PA_0593,Place Balard. 75015 Paris,48.83649,2.27845
PA_0594,Place Balard. 75015 Paris,48.83649,2.27845
PA_0595,183 Rue de Lourmel. 75015 Paris,48.83794,2.2819
PA_0596,85 Rue de la Croix-Nivert. 75015 Paris,48.8434,2.29568
PA_0597,Métro-la Motte-Picquet-Grenelle. Paris,48.84906387,2.297804117
PA_0598,1 Avenue de la Motte-Picquet. 75007 Paris,48.85718,2.31017
PA_0599,2 Rue de l'Ourcq. 75019 Paris,48.88737,2.38474
PA_0600, entrée du tunnel de la porte Chaumont,48.8864870000, 2.3968770000
PA_0601, A86 à l'angle du stade Pierre de Coubertin,48.8598860000, 2.4853770000
PA_0602, cour de la Métairie,48.8738256150, 2.3855566978
PA_0604,36 Rue Erard. 75012 Paris,48.8467,2.38691
PA_0605, 1 place Suzanne Valadon,48.8843872940, 2.3424495756
PA_0606, 39 rue d'Aboukir,48.8671820000, 2.3449380000
PA_0607,48 Rue d'Orsel. 75018 Paris,48.88356,2.34211
PA_0608,1 avenue du Général de Gaulle. Champigny sur Marne,48.820429,2.484176
PA_0609,35 Boulevard de la Chapelle. 75010 Paris,48.88422,2.35986
PA_0610,Passage Stendhal. 75020 Paris,48.8616699,2.4009999
PA_0611,sur L'A3 vers Nord. sous le bd Georges Braque (pont grilles turquoises). Aulnay,48.961080, 2.473769
PA_0612,14 Rue du Renard. 75004 Paris,48.85883,2.3525999
PA_0613, derrière un poteau à l'entrée d'un tunnel,48.8162670000, 2.3612110000
PA_0614, bretelle de périphérique Porte Brancion,48.8262540000, 2.2984920000
PA_0615,17 Passage de la Bonne Graine. 75011 Paris,48.85258,2.37664
PA_0616, 31 place Saint-Ferdinand,48.8777280000, 2.2883330000
PA_0617,13 rue pierre Demours. 75017. Paris,48.880423, 2.292918
PA_0618,18 rue pierre Demours. 75017. Paris,48.880708, 2.293308
PA_0619, 47 rue Cardinet,48.8826180000, 2.3057800000
PA_0620, rue des Couronnes. vers passage Piat. Paris 20, 48.870443, 2.386678
PA_0621,Porte de Pantin. Paris,48.88800049,2.387000084
PA_0623, porte de la Gare côté Ivry,48.8272540000, 2.3859890000
PA_0624,10 Rue de Sévres. 75007 Paris,48.85193,2.32835
PA_0626,200 Rue de la Convention. 75015 Paris,48.83707,2.29658
PA_0629,Impasse Robiquet. 75006 Paris,48.84382,2.32568
PA_0630,30 Rue de Martignac. 75007 Paris,48.85755,2.31811
PA_0631,entree Nord de l'Opera. Paris,48.872880, 2.331271
PA_0635, 21 rue de Vaugirard,48.8487300000, 2.3326440000
PA_0636,32 Rue de Poissy. 75005 Paris,48.84803,2.35169
PA_0637, 22 place des Vosges,48.8559869700, 2.3666632175
PA_0638, 79 rue des Gravilliers,48.8647460000, 2.3534330000
PA_0639, 122 rue Lepic,48.8866700000, 2.3384430000
PA_0641,2 Rue d'Orchampt. 75018 Paris,48.88641,2.3378899
PA_0642,46 Rue Berthe. 75018 Paris,48.88598,2.33861
PA_0643, 21 rue des abesses. 75018, 48.885, 2.338
PA_0644,2 Rue Lamarck. 75018 Paris,48.8863399,2.34417
PA_0645,Rue Charles Monselet. 75019 Paris,48.8796,2.40048
PA_0646,Métro-Porte de Vanves. Paris,48.82794952,2.305006027
PA_0647, 66 rue Caulaincourt,48.8894706570, 2.3368343710
PA_0648, métro Pelleport,48.8682270000, 2.4014910000
PA_0649,1 Rue Gaston Pinot. 75019 Paris,48.88286,2.39008
PA_0650,1 Rue Désaugiers. 75016 Paris,48.84742,2.26803
PA_0652,20 Rue des Sablons. 75116 Paris,48.86494,2.28292
PA_0653,33 Rue du Colisée. 75008 Paris,48.871593,2.309855
PA_0654,39 Rue de Charonne. 75011 Paris,48.85335,2.37649
PA_0655,34 Rue Debelleyme. 75003 Paris,48.86213,2.36364
PA_0656, 112bis rue Championnet,48.8958900000, 2.3395000000
PA_0657, 3 avenue Jean Jaurès,48.8831800000, 2.3711150000
PA_0658, métro Saint-Fargeau,48.8716327390, 2.4041149020
PA_0659,194 Rue Championnet. 75018 Paris,48.89418,2.33215
PA_0660, 46 rue de Lévis,48.8834330000, 2.3140960000
PA_0661,41 Rue Ampére. 75017 Paris,48.88516,2.30294
PA_0663, 25 rue Guersant,48.8810890000, 2.2896030000
PA_0664,31 Rue des Acacias. 75017 Paris,48.87722,2.29229
PA_0665, 127 rue de Lauriston,48.8655599320, 2.2855666279
PA_0666,29 Quai de Grenelle. 75015 Paris,48.85268,2.28641
PA_0667, 64 avenue de Choisy,48.8236020000, 2.3621100000
PA_0669, pont ferroviaire de la porte des Poissonniers,48.8982930000, 2.3536500000
PA_0670, 17 rue de l'Équerre,48.8748630000, 2.3824390000
PA_0671,54 Avenue Simon Bolivar. 75019 Paris,48.87655,2.37805
PA_0672, 1 avenue Jean Aicard,48.8643565740, 2.3816621303
PA_0673,1 Rue de l'Ancienne Comédie. 75006 Paris,48.85351,2.33855
PA_0674, passage Alexandre,48.8402392170, 2.3154866690
PA_0675, 1bis rue Friant,48.8271250000, 2.3253170000
PA_0676,Rue Saint André des Arts , 48.8533605, 2.3413457
PA_0677,46 Rue de Seine. 75006 Paris,48.85476,2.33679
PA_0678,6 Rue de Seine. 75006 Paris,48.8572,2.3363999
PA_0679,1 Rue de l'Arbaléte. 75005 Paris,48.84043,2.35037
PA_0680, 4 rue de la Mare,48.8684960000, 2.3884930000
PA_0681, 10 rue d'Ormesson,48.8554470000, 2.3620380000
PA_0682,21 Rue des Francs-Bourgeois. 75004 Paris,48.85681,2.36293
PA_0683, 132 boulevard Richard Lenoir,48.8658316530, 2.3700052499
PA_0684,23BIS Rue Poliveau. 75005 Paris,48.84023,2.3593799
PA_0685, sortie 18 de l'A86,48.8582300000, 2.4881700000
PA_0686, muret le long du periph,48.8286270000, 2.3991390000
PA_0687, Pont National ,48.8280059, 2.3872916
PA_0689,Place du general Ingold. 75019 ,48.8721518, 2.3747225
PA_0690,Rue Jean-Henri Fabre. 75018 Paris,48.90117,2.33959
PA_0691,1 Rue Raffet. 75016 Paris,48.85046,2.26569
PA_0692,24 Rue du Docteur Blanche. 75016 Paris,48.85439,2.2654899
PA_0693, 15 rue Pierre Guérin,48.8489320000, 2.2664190000
PA_0694,26 Rue Poussin. 75016 Paris,48.84876,2.26328
PA_0695,1 Rue Jasmin. 75016 Paris,48.8524,2.26783
PA_0696,9 Rue Debelleyme. 75003 Paris,48.86094,2.36339
PA_0697,14 Boulevard Richard Lenoir. 75011 Paris,48.85496,2.37039
PA_0698, 10 rue Saint-Sabin,48.8551180000, 2.3720800000
PA_0699, 127 rue des Pyrénées,48.8573600000, 2.4039300000
PA_0700,65 Rue des Prés-Paris. 74970 Marignier,46.0842519,6.5133615
PA_0701, 1 rue Godefroy Cavaignac,48.8540200000, 2.3818700000
PA_0702, 98 rue de Charonne,48.8538091970, 2.3818498849
PA_0703,47 Rue de Charonne. 75011 Paris,48.85338,2.3776799
PA_0704,17 Rue de la Cerisaie. 75004 Paris,48.85197,2.36578
PA_0705,32 Rue de Patay. 75013 Paris,48.82549,2.37484
PA_0706, 42 villa Auguste Blanqui,48.8306420000, 2.3673990000
PA_0707,2 rue neuve Saint Pierre. 75004 ,48.8535065, 2.3641377
PA_0708, 11 passage Gauthier,48.8756955690, 2.3814368247
PA_0710,7 Rue de Lesdiguiéres. 75004 Paris,48.85286,2.36681
PA_0711,27 Rue des Tournelles. 75004 Paris,48.8558,2.36723
PA_0712,20 Rue de Dunkerque. 75010 Paris,48.88039,2.35346
PA_0713,1 Rue Taylor. 75010 Paris,48.8691699,2.35884
PA_0714,25 Rue Watt. 75013 Paris,48.8262002,2.378369
PA_0715,3 Cité Aubry. 75020 Paris,48.8574,2.39538
PA_0716, Sortie 1 - A3 - Montreuil Centre, 48.8696112, 2.4302707
PA_0717,2 Rue des Orteaux. 75020 Paris,48.85689,2.39798
PA_0718,39 Rue Basfroi. 75011 Paris,48.8556781,2.3784956
PA_0719, 1 rue Camille Desmoulins,48.8585900000, 2.3802000000
PA_0720,19 Rue de la Ferronnerie. 75001 Paris,48.8601699,2.34739
PA_0722,11 Rue Michel le Comte. 75003 Paris,48.86209,2.35622
PA_0723, 12 rue de Parme,48.8813310000, 2.3275240000
PA_0724,4 Rue Papillon. 75009 Paris,48.87595,2.34785
PA_0725,rue de Dunkerke , 48.8794997, 2.3576688
PA_0726,135 Rue de Rome. 75017 Paris,48.88572,2.31661
PA_0727,51 Rue de Clichy. 75009 Paris,48.88071,2.32859
PA_0728,18 Rue Caroline. 75017 Paris,48.88355,2.32343
PA_0729, cour du Havre,48.8758400000, 2.3260820000
PA_0730,6 Rue Bleue. 75009 Paris,48.87589,2.34726
PA_0731, 85 rue de la mare. 75020 , 48.8734598, 2.3863024
PA_0732,2 Rue Jouye-Rouve. 75020 Paris,48.87325,2.3825599
PA_0733, 38 rue du Moulin Joly,48.8705380000, 2.3777140000
PA_0734, 20 rue du Faubourg Montmartre,48.8731587650, 2.3430611193
PA_0735, 66 rue des Rochers,48.8789900000, 2.3190000000
PA_0736, 334 rue Saint-Honoré,48.8658000000, 2.3303600000
PA_0737,21 Rue Charles Friedel. 75020 Paris,48.87269,2.39595
PA_0738, 20 rue Clavel,48.8758310000, 2.3836080000
PA_0739,120 Rue de Ménilmontant. 75020 Paris,48.86992,2.39503
PA_0740,97 rue Claude Decaen,48.839090,2.396057
PA_0741, 194 boulevard de la Villette,48.8821200000, 2.3705260000
PA_0742,320 Rue des Pyrénées. 75020 Paris, 48.872943, 2.391039
PA_0743, 45 rue du Faubourg du Temple,48.8694944600, 2.3689699172
PA_0744,Paris. Paris,48.868930, 2.392035
PA_0746,79 Rue Charlot. 75003 Paris,48.86444,2.3642599
PA_0747,78 rue mazarine. Paris,48.853993,2.338231
PA_0748,Métro-Porte de la Villette. Paris,48.89905167,2.387109995
PA_0749,Paris. Paris,48.859021, 2.436419
PA_0750,4 Rue Bobillot. Montreuil, 48.857442861543895, 2.4348410861588627
PA_0751, 11 rue Girardot,48.8605050000, 2.4397180000
PA_0752,14 Boulevard édouard Branly. 93230 Romainville,48.87612,2.44097
PA_0753, 120 rue d'Avron,48.8529520000, 2.4079120000
PA_0754,59BIS Rue Popincourt. 75011 Paris,48.86021,2.37546
PA_0755, 6 rue de la Victoire,48.8750670000, 2.3405060000
PA_0756, 4 rue Flechier,48.8766200000, 2.3394130000
PA_0757,Square Marcel Sembat. 75018 Paris,48.89879,2.33889
PA_0758,44 Quai du Point-du-Jour. 92100 Boulogne-Billancourt,48.8308542,2.2569163
PA_0759, sur un pilotis Canal +, 48.831073, 2.256929
PA_0760, Quai du point du jour. sur le pont , 48.834847, 2.262112
PA_0761,1 Quai Louis Blériot. 75016 Paris,48.85118,2.2785
PA_0762,99 Boulevard de Montmorency. 75016 Paris,48.84859,2.26071
PA_0763, A3/Boulevard Edouard Branly,48.8759490000, 2.4412320000
PA_0764,28 Rue Serpente. 75006 Paris,48.85246,2.3415499
PA_0765,17 Rue de l'Estrapade. 75005 Paris,48.84476,2.34647
PA_0766,97 Rue Mouffetard. 75005 Paris,48.84127,2.34972
PA_0767,Rue du Fer-é-Moulin. 75005 Paris,48.8389499,2.3535499
PA_0768,75 avenue daumesnil,48.846216,2.377664
PA_0769,65 Rue Vieille-du-Temple. 75004 Paris,48.85872,2.35849
PA_0770,6 Rue de la Tour d'Auvergne. 75009 Paris,48.87886,2.3451
PA_0771,132 rue des Pyrénées. Paris,48.858756,2.402953
PA_0772, entrée du CIDJ. 6 rue Jean Rey. Paris 15e , 48.855324, 2.290299
PA_0773, à l'interieur du Grand Palais. sous la verriere , 48.866243, 2.312497
PA_0774,119 Avenue Parmentier. 75011 Paris,48.86857,2.3719
PA_0775,4 Place des Victoires. 75001 Paris,48.86578,2.34063
PA_0776,14 Rue de Castellane. 75008 Paris,48.8726,2.32428
PA_0777, 2 rue tiquetonne. Paris 2em , 48.864385, 2.349892
PA_0778, (avec 10 autres de PA_778 a 790) périphérique le long des immeubles de la rue Maryse Bastié,48.8204000000, 2.3749200000
PA_0779, (avec 10 autres de PA_778 a 790) périphérique le long des immeubles de la rue Maryse Bastié,48.8204200000, 2.3748800000
PA_0780,12 Rue Madame. 75006 Paris,48.85123,2.33195
PA_0781, 2 rue des Boulangers,48.8460860000, 2.3543200000
PA_0782, (avec 10 autres de PA_778 a 790) périphérique le long des immeubles de la rue Maryse Bastié,48.8204400000, 2.3749000000
PA_0783, (avec 10 autres de PA_778 a 790) périphérique le long des immeubles de la rue Maryse Bastié,48.8204600000, 2.3749400000
PA_0784, (avec 10 autres de PA_778 a 790) périphérique le long des immeubles de la rue Maryse Bastié,48.8204800000, 2.3749600000
PA_0785,130 Rue de Bagnolet. 75020 Paris,48.86088,2.40502
PA_0786, (avec 10 autres de PA_778 a 790) périphérique le long des immeubles de la rue Maryse Bastié,48.8205000000, 2.3749800000
PA_0787, (avec 10 autres de PA_778 a 790) périphérique le long des immeubles de la rue Maryse Bastié,48.8205200000, 2.3750000000
PA_0788, (avec 10 autres de PA_778 a 790) périphérique le long des immeubles de la rue Maryse Bastié,48.8205400000, 2.3748600000
PA_0789,  (avec 10 autres de PA_778 a 790) périphérique le long des immeubles de la rue Maryse Bastié,48.8205600000, 2.3748400000
PA_0790, (avec 10 autres de PA_778 a 790) périphérique le long des immeubles de la rue Maryse Bastié,48.8205800000, 2.3748200000
PA_0791, peripherique sur les poutres horizontales, 48.821, 2.3746
PA_0792, peripherique sur les poutres horizontales, 48.821, 2.3747
PA_0793, peripherique sur les poutres horizontales, 48.821, 2.3748
PA_0794, peripherique sur les poutres horizontales, 48.821, 2.3749
PA_0795,8 Cour du Commerce Saint-André. 75006 Paris,48.85265,2.33929
PA_0796,110 Rue Vieille-du-Temple. 75003 Paris,48.86109,2.36303
PA_0797,77 Rue de Lille. 75007 Paris,48.8599,2.32485
PA_0798,184 Boulevard Saint-Germain. 75006 Paris,48.85445,2.33121
PA_0799, 20 Minutes France. 50/52 Boulevard Haussman , 48.873400, 2.330182
PA_0800,56BIS Rue du Louvre. 75002 Paris,48.8656099,2.34341
PA_0801,Maison De Serge Gainsbourg. Paris,48.85724258,2.331731081
PA_0802,27 Rue du Four. 75006 Paris,48.85261,2.3338199
PA_0803, entrée de la Cour du Commerce Saint-André,48.8524980000, 2.3392470000
PA_0804, peripherique sur les poutres horizontales, 48.82, 2.3746
PA_0805, peripherique sur les poutres horizontales, 48.8203, 2.3747
PA_0806, peripherique sur les poutres horizontales, 48.8206, 2.3748
PA_0807, peripherique sur les poutres horizontales, 48.8208, 2.3749
PA_0808,Cours Albert 1er. au pied d'une sorte de stale , 48.864743, 2.302177
PA_0809,7 Rue Lasson. 75012 Paris,48.84324,2.40627
PA_0810, 1 passage Turquetil,48.8505270000, 2.3928990000
PA_0811, Est de la fontaine de Montreuil,48.8503588030, 2.3830729722
PA_0812, 12bis rue de Cotte,48.8493000000, 2.3777000000
PA_0813, passerelle Richerand,48.8718500000, 2.3652150000
PA_0814, 10 rue du Ponceau,48.8668800000, 2.3514200000
PA_0815,15 Rue du Renard. 75004 Paris,48.8585485,2.3517952
PA_0816,Sully - Morland. Paris,48.85142517,2.361893892
PA_0817,1 Rue Saint-Blaise. 75020 Paris,48.86018,2.40431
PA_0818,68 Rue Saint-Sabin. 75011 Paris,48.85964,2.3685299
PA_0819,2 Rue Bailleul. 75001 Paris,48.86096,2.34231
PA_0820,10 Rue de Bretagne. 75003 Paris,48.86248,2.3635799
PA_0821,81 Boulevard de Charonne. 75011 Paris,48.8544399,2.39569
PA_0822,2 Rue de Lesseps. 75020 Paris,48.85841,2.40072
PA_0823,145 Avenue Jean Jaurés. 75019 Paris,48.88688,2.38521
PA_0824,102 Rue de Bagnolet. 75020 Paris,48.85936,2.40271
PA_0825, 186 Rue de Paris. 93100 Montreuil, 48.855782, 2.423265
PA_0826,22 Rue Dénoyez. 75020 Paris,48.87205,2.3783599
PA_0827,1BIS Rue des Rondonneaux. 75020 Paris,48.86331,2.3995
PA_0828, 38 rue de Terre Neuve,48.8547640000, 2.3990580000
PA_0829, 104 rue de Buzenval,48.8550990000, 2.3989480000
PA_0830,68 Rue des Orteaux. 75020 Paris,48.8561,2.40525
PA_0831,Métro-Buzenval. Paris,48.85189438,2.400949001
PA_0832,100 Rue de la Réunion. 75020 Paris,48.85756,2.39946
PA_0833,Paris. Paris,48.857584, 2.399331
PA_0834,  entrée du Père Lachaise,48.8583700000, 2.3987400000
PA_0834, Entrée du Père Lachaise. 120 rue de la Reunion. 75020 Paris,48.858768, 2.399024
PA_0835, 13 rue de Lasseps,48.8591600000, 2.3996100000
PA_0836,11 Passage Thiéré. 75011 Paris,48.8539,2.37383
PA_0837,53BIS Rue de la Roquette. 75011 Paris,48.85587,2.37514
PA_0838,Boulevard de Charonne. 75020 Paris,48.85493,2.39573
PA_0839,20 Rue de la Grande-Truanderie. 75001 Paris,48.86292,2.34876
PA_0840,23 rue Pierre Lescot , 48.863701, 2.349066
PA_0841,4 Rue Marie Stuart. 75002 Paris,48.86502,2.34835
PA_0842,  PA_1040. 32 rue Saint-Roch,48.8665030000, 2.3331210000
PA_0843,Rue de Rivoli. 75001 Paris,48.86256,2.33583
PA_0844,20 Rue de Courcelles. 75008 Paris,48.87418,2.31027
PA_0845,73 Rue La Boétie. 75008 Paris,48.87236,2.3097
PA_0846,4 Rue Réaumur. 75003 Paris,48.8648499,2.35941
PA_0847,Métro-Volontaires. Paris,48.84181976,2.307838917
PA_0848,Rue de l'Armorique. 75015 Paris,48.83949,2.31472
PA_0849, 3 rue du Maine,48.8405320000, 2.3237020000
PA_0850,Rue Poinsot. 75014 Paris,48.84104,2.3234
PA_0851,14BIS Rue de la Grande-Chaumiére. 75006 Paris,48.84221,2.33038
PA_0852,10 Rue Saint-Maur. 75011 Paris,48.8593,2.38302
PA_0853,12 Rue de la Grange-aux-Belles. 75010 Paris,48.8739599,2.36545
PA_0854,1 Rue de Tombouctou. 75018 Paris,48.88452,2.35617
PA_0855,Rue Lepic. Paris,48.88750076,2.335278034
PA_0856, 2 rue du Mont Cenis. 75018, 48.887, 2.341
PA_0857,Place du Tertre. 75018 Paris,48.88661,2.341
PA_0858,1 Rue La Bruyére. 75009 Paris,48.87882,2.33686
PA_0859,1 Rue de la Lune. 75002 Paris,48.8696551,2.3517598
PA_0860,1 Rue de l'Oratoire. 75001 Paris,48.86145,2.33993
PA_0861,30 Passage Saint-Sébastien. 75011 Paris,48.86187,2.37031
PA_0862,127 Rue du Faubourg Saint-Honoré. 75008 Paris,48.87327,2.30941
PA_0863, statue derrière le stade Charlety,48.8167340000, 2.3474420000
PA_0864,Place Saint-Georges. 75009 Paris,48.87836,2.33759
PA_0865,53 Rue Blanche. 75009 Paris,48.88121,2.312943148
PA_0866,Rue Paul Escudier. 75009 Paris,48.88053,2.33225
PA_0867,30 Boulevard de Courcelles. 75017 Paris,48.88094,2.3118599
PA_0868, 1 boulevard Malsherbes,48.8697900000, 2.3232200000
PA_0869,Quai de Valmy. 75010 Paris,48.87686,2.3647
PA_0870,Paris. Paris,48.871781, 2.364597
PA_0871,29 Rue de Terre-Neuve. 75020 Paris,48.85496,2.3991699
PA_0872,Paris. Paris,48.881558, 2.368472
PA_0873,Rue du Chat-qui-Péche. Paris,48.85305786,2.346111059
PA_0874, rue de la huchette. paris 5 , 48.853012, 2.345674
PA_0875,2 Rue des Peupliers. 75013 Paris,48.82543,2.35379
PA_0876, 109 Rue de Tolbiac. Paris. Île-de-France, 48.826631, 2.364058
PA_0877,146 Rue de Paris. Montreuil,48.856141,2.424958
PA_0878,17 rue Payenne. Paris,48.858739,2.362755
PA_0879,22 Rue Saint-Sabin. 75011 Paris,48.85595,2.37147
PA_0880,4 Rue de Beaune. 75007 Paris,48.85888,2.32985
PA_0881,20 Rue du Bac. 75007 Paris,48.85819,2.32822
PA_0882,29 Boulevard Jules Ferry. 75011 Paris,48.86849,2.36705
PA_0883,3 Rue Curial. 75019 Paris,48.88962,2.37127
PA_0884,205 Rue La Fayette. 75010 Paris,48.88112,2.36356
PA_0885,36 Rue Brey. 75017 Paris,48.87738,2.2947099
PA_0886, 43 rue Saint-Bernard,48.8535370000, 2.3803930000
PA_0887, Rue Robert Etlin - bastion Bercy 1845,48.8279028, 2.38968
PA_0888, A l'interieur du BaRoom. 21 rue de la roquette , 48.854881, 2.372328
PA_0889, 34 rue Mathis,48.8911600000, 2.3737070000
PA_0890, 175bis rue Championnet,48.8945250000, 2.3343370000
PA_0891,59 rue legendre. paris 17 , 48.886010, 2.317207
PA_0892,7 Avenue Myron Herrick. 75008 Paris,48.87376,2.30988
PA_0893,6 Rue des Pyramides. 75001 Paris,48.86426,2.33259
PA_0894,11 Rue Saint-Augustin. 75002 Paris,48.86882,2.33708
PA_0895,Place Auguste Baron. 75019 Paris,48.90104,2.38774
PA_0896, 23 avenue du Docteur Lannelongue,48.8190100000, 2.3294000000
PA_0897,1 Boulevard Gabriel Péri. 93110 Rosny-sous-Bois,48.87732,2.4839
PA_0899, Devant les marches France Info. Maison de la radio , 48.851949, 2.277284
PA_0900,Place Pigalle. Paris,48.88199615,2.336944103
PA_0901,1 Rue Léon Delhomme. 75015 Paris,48.83849,2.3001999
PA_0902, 24 Rue Cambronne. 75015 , 48.846394, 2.301814
PA_0903,15 Rue Cardinet. 75017 Paris,48.8816,2.30204
PA_0904, 23 rue d'Aligre,48.8499480000, 2.3787800000
PA_0905,Porte d'aubervilliers. sur le pont du periph , 48.900588, 2.371611
PA_0906,9 Rue de la Goutte-d'Or. 75018 Paris,48.88493,2.35456
PA_0907, pont du chemin de fer. 17 avenue de la porte de la chapelle . Paris 18, 48.901369, 2.358092
PA_0908,10 Cité Beauharnais. 75011 Paris,48.85362,2.38977
PA_0909, encadrement d'ouverture. sous le periph , 48.889054, 2.396831
PA_0910,72 Avenue Jean Jaurés. 75019 Paris,48.88453,2.37747
PA_0911, 7Z place Auguste Baron,48.9001800000, 2.3863900000
PA_0912,pont de Soissons. Paris,48.914814,2.358242
PA_0913,42 avenue Michelet. Saint-Ouen,48.910214,2.344106
PA_0914,Rue Alphonse Baudin. 75011 Paris,48.86067,2.37047
PA_0915,69 Rue Anatole France. 92300 Levallois-Perret,48.89143,2.28557
PA_0916,14 Rue Bayen. 75017 Paris,48.87953,2.29493
PA_0917,2 Rue Fourcroy. 75017 Paris,48.87982,2.2950499
PA_0918,20 Rue de Courcelles. 75008 Paris,48.87418,2.31027
PA_0919, 12 rue Française,48.8643080000, 2.3477320000
PA_0920,41 Boulevard édouard Branly. 93230 Romainville,48.87467,2.44091
PA_0921,Quai de Bercy. 75012 Paris,48.838759, 2.375512
PA_0922,Quai d'Austerlitz. 75013 Paris,48.84251,2.36706
PA_0923, face au 36 rue Coriolis,48.8369810000, 2.3900120000
PA_0924, 56 quai de la Rapée,48.8425090000, 2.3717800000
PA_0925,17 Boulevard Morland. 75004 Paris,48.84999,2.36327
PA_0926,149 Rue Saint-Martin. 75003 Paris,48.8618499,2.35167
PA_0927,Passage Saint Sebastien. petite cheminée (sans doute disparue) , 48.861301, 2.367731
PA_0928, 29 Rue de Montreuil. Vincennes , 48.848557, 2.434661
PA_0929, 1 rue du Général Leclerc,48.8153160000, 2.3603870000
PA_0930,8 Rue de Trévise. 75009 Paris,48.87318,2.34522
PA_0931,2 Rue Ambroise Thomas. 75009 Paris,48.87415,2.34737
PA_0932,Théétre de la Renaissance. Paris,48.86886978,2.357095957
PA_0933,11TER Rue d'Alésia. 75014 Paris,48.82703,2.3371
PA_0934,Rue de Vouillé. 75015 Paris,48.83397,2.3078
PA_0935,2 Rue Cambronne. 75015 Paris,48.84689,2.30116
PA_0936,Boulevard de l'Hépital. 75013 Paris,48.83789,2.3602599
PA_0937,80 Boulevard Auguste Blanqui. 75013 Paris,48.83069,2.3464
PA_0938,91 Boulevard Auguste Blanqui. 75013 Paris,48.82997,2.34646
PA_0939,Métro-Denfert Rochereau. Paris,48.83401489,2.331986904
PA_0940,Rue des Artistes. 75014 Paris,48.82649,2.3346
PA_0941,103 Rue Cambronne. 75015 Paris,48.84178,2.30343
PA_0942,2 Passage Foubert. 75013 Paris,48.82576,2.35271
PA_0943,Paris. Paris,48.831612, 2.379010
PA_0944,10 Rue Faidherbe. 75011 Paris,48.8509,2.3845
PA_0945,81 Rue de la Folie-Méricourt. 75011 Paris,48.86644,2.36977
PA_0946,1 Rue de Metz. 75010 Paris,48.87064,2.35441
PA_0947,105 Rue du Faubourg Saint-Denis. 75010 Paris,48.87505,2.35571
PA_0948,33 Rue du Faubourg Saint-Denis. 75010 Paris,48.87092,2.35315
PA_0949, 1 Rue Auguste Dorchain. Paris 15, 48.845062, 2.297590
PA_0950,Métro-Dupleix. Paris,48.85067368,2.292712927
PA_0951,75 Boulevard de Grenelle. 75015 Paris,48.8504398,2.2943814
PA_0952,4 Rue du Chevalier de Saint-George. 75001 Paris,48.8681,2.32482
PA_0953,9 Rue du Plétre. 75004 Paris,48.8592,2.35484
PA_0954, 6 Rue Charles-François Dupuis. PAris 3 , 48.865150, 2.363090
PA_0955,12 Rue Béranger. 75003 Paris,48.86588,2.36393
PA_0956,5 Rue Papin. 75003 Paris,48.86687,2.3534099
PA_0957,86 Quai de la Rapée. 75012 Paris,48.84483,2.36913
PA_0958, 255 rue de Charenton,48.8361810000, 2.3922060000
PA_0959,1 Rue du Forez. 75003 Paris,48.86374,2.36282
PA_0960,141 boulevard Philippe Auguste. Paris,48.858331,2.389572
PA_0961,2 Rue Trousseau. 75011 Paris,48.85084,2.37867
PA_0962, métro Porte des Lilas,48.8768260000, 2.4066050000
PA_0963,41 Boulevard du Temple. 75003 Paris,48.86624,2.36458
PA_0964, Fontaine des Haudriettes 53 rue des Archives. Paris 3 , 48.861215, 2.358121
PA_0965, pont du Carrousel,48.8587280000, 2.3327790000
PA_0965, statue de Paris du pont du Carrousel,48.8587530000, 2.3328470000
PA_0966,Pont de Bir-Hakeim. 75015 Paris,48.85555,2.28784
PA_0967,105 Quai Branly. 75015 Paris,48.85459,2.28916
PA_0968, Pont de Bir Hakeim , 48.856602, 2.286571
PA_0969, Statue de la Liberté,48.8499960000, 2.2796600000
PA_0970,Allée des Cygnes. Paris,48.85064316,2.28087306
PA_0971,1 Rue du Saint-Gothard. 75014 Paris,48.83012,2.33507
PA_0972, 22 rue Bernard Lecache. au dessus de LeNotre , 48.846222, 2.415257
PA_0973,Square émile-Chautemps. Paris,48.86740875,2.353174925
PA_0974,Square émile-Chautemps. Paris,48.86740875,2.353174925
PA_0975,Square émile-Chautemps. Paris,48.86740875,2.353174925
PA_0976, 130 rue Montmartre,48.8682330000, 2.3436690000
PA_0977,Passage Basfour. 75002 Paris,48.8661699,2.35142
PA_0978,28 Rue Montorgueil. 75001 Paris,48.8637,2.34653
PA_0979, pont de Sully côté rive Droite,48.8508760000, 2.3612370000
PA_0980,Boulevard de Bercy. 75012 Paris,48.83969,2.3839
PA_0981,Place du Colonel Bourgoin. 75012 Paris,48.8449,2.3832
PA_0982, 89 rue de Reuilly. a gauche de PA_1297, 48.844760, 2.389772
PA_0983,Rue Mondonville. 75020 Paris,48.86596,2.40675
PA_0984,1 Place Rhin et Danube. 75019 Paris,48.88221,2.39285
PA_0985,52 Boulevard Sérurier. 75019 Paris,48.87983,2.39947
PA_0986, face à la rue du Tunnel,48.8793900000, 2.3844400000
PA_0987,39 Quai de la Loire. 75019 Paris,48.8874,2.37871
PA_0988,Boulevard de Rochechouart. 75018 Paris,48.8825999,2.34339
PA_0989, 2 rue de l'Évangile,48.8914200000, 2.3612960000
PA_0990,Métro-la Chapelle. Paris,48.88434601,2.359489918
PA_0991,33 Boulevard de la Villette. 75010 Paris,48.8741,2.3743599
PA_0992, Terrasse ancien siege Liberation 11 rue Beranger , 48.865656, 2.363295
PA_0993, entrée du périphérique porte des Lilas,48.8767050000, 2.4089950000
PA_0994,Boulevard du Fort de Douaumont. 75017 Paris,48.89568,2.30707
PA_0995,Place du Docteur Félix Lobligeois. 75017 Paris,48.88704,2.31752
PA_0996, face au 89 avenue des Ternes,48.8799680000, 2.2877790000
PA_0997,61 Rue Quincampoix. 75004 Paris,48.8616699,2.35076
PA_0998, impasse des Peintres,48.8639760000, 2.3501350000
PA_0999,136 Rue de la Roquette. 75011 Paris,48.8577,2.38091
PA_1000,  PA_1001. dans le hall de la Générale,48.8595880000, 2.3795180000
PA_1001,  PA_1001. dans le hall de la Générale,48.8595880000, 2.3795180000
PA_1002, bretelle d'autoroute A86/N406. face au Castorama de Créteil,48.7789500000, 2.4408000000
PA_1003, 110 boulevard de Courcelles , 48.878755, 2.300929
PA_1004,66 Rue de Courcelles. 75008 Paris,48.87764,2.30633
PA_1005,89 Rue Oberkampf. 75011 Paris,48.86529,2.37546
PA_1006,9 Rue Bergère. Paris. Île-de-France,48.872173, 2.346690
PA_1007,11 Rue Drouot. 75009 Paris,48.87338,2.34045
PA_1008,Rue de Richelieu. Paris,48.86804581,2.338371038
PA_1009,1 Boulevard de Ménilmontant. 75011 Paris,48.85859,2.3892
PA_1010,1 Rue Carducci. 75019 Paris,48.87717,2.38764
PA_1011,1 Rue Martel. 75010 Paris,48.87352,2.35264
PA_1012,32 Rue de Rochechouart. 75009 Paris,48.8786,2.34531
PA_1013, 97 Rue Vieille du Temple. Paris. Île-de-France, 48.860489, 2.361166
PA_1014, 10 rue Paul Bert,48.8516000000, 2.3846660000
PA_1015,29 Rue de la Villette. 75019 Paris,48.87627,2.3875099
PA_1016,34 Rue de Crimée. 75019 Paris,48.87887,2.3904
PA_1017,86 Rue de la Villette. 75019 Paris,48.87883,2.3883
PA_1018,Place Paul éluard. 75018 Paris,48.89009,2.36016
PA_1019,23 Rue des Vinaigriers. 75010 Paris,48.8731,2.36312
PA_1020,86 Rue Championnet. 75018 Paris,48.89586,2.34288
PA_1021, 1 impasse Robert,48.8955260000, 2.3388420000
PA_1022,27 Rue Francoeur. 75018 Paris,48.89084,2.34034
PA_1023,26 Rue Vieille-du-Temple. 75004 Paris,48.85714,2.35734
PA_1024,198 Rue du Faubourg Saint-Antoine. 75012 Paris,48.8500299,2.38409
PA_1025,5 Place Saint-Augustin. 75008 Paris,48.8751,2.3192499
PA_1026,52 Grande Rue Charles de Gaulle. 92600 Asniéres-sur-Seine,48.90827,2.28647
PA_1027,Cité Aubry. 75020 Paris,48.85751,2.3957799
PA_1028,9 Rue des Maronites. 75020 Paris,48.86815,2.38354
PA_1029,105 Rue du Faubourg du Temple. Paris. Île-de-France, 48.871806, 2.376339
PA_1030,41 Rue des Bourdonnais. 75001 Paris,48.86056,2.34552
PA_1031,Paris. Paris,48.900718, 2.388913
PA_1032, 51 rue de Turenne,48.8582240000, 2.3643990000
PA_1033,1 Boulevard des Filles du Calvaire. 75003 Paris,48.86112,2.36695
PA_1034, 48 rue Saint-Honoré,48.8611900000, 2.3442330000
PA_1035, 14 rue Jean-Baptiste Berlier,48.8257510000, 2.3834720000
PA_1036, 144 boulevard Masséna,48.8194690000, 2.3619840000
PA_1037, 84 avenue d'Italie,48.8259820000, 2.3571780000
PA_1038,5 Rue Pajou. 75016 Paris,48.85683,2.27305
PA_1039,1 Impasse Delaunay. 75011 Paris,48.85507,2.38598
PA_1040,32 Rue Saint-Roch. 75001 Paris,48.86645,2.33305
PA_1041,Rond-Point Dauphine. 75012 Paris,48.83476,2.43769
PA_1042,A86. 75012 Paris,48.8208,2.46141
PA_1043,A86. 75012 Paris,48.8208,2.46141
PA_1044, échangeur porte d'Italie,48.8160890000, 2.3588900000
PA_1045,3 Rue de la Chine. 75020 Paris,48.86465,2.4013
PA_1046,22 Rue Réaumur. 75003 Paris,48.86512,2.35845
PA_1047,88TER Avenue Parmentier. 75011 Paris,48.86494,2.3749699
PA_1048, Autoroute du Soleil. Paris, 48.735843, 2.316512
PA_1049,25 Rue Brantôme. Paris. Île-de-France,48.862912, 2.353094
PA_1050,195 Rue du Faubourg Poissonnière 75009 Paris , 48.883302, 2.349250
PA_1051,22 Rue Dauphine. 75006 Paris,48.85514,2.33955
PA_1052,Rue du Chevalier de la Barre. 75018 Paris,48.88749,2.34436
PA_1053,8 Place des Abbesses. 75018 Paris,48.88421,2.3386999
PA_1054, 26 rue Chanzy. 75011 , 48.852601, 2.384181
PA_1055,Paris. Paris,48.826631, 2.466377
PA_1056,Rue Montgallet. 75012 Paris,48.84347,2.38771
PA_1057,64 Rue Tiquetonne. 75002 Paris,48.86484,2.34551
PA_1058,24 Rue des Petits-Champs. 75002 Paris,48.86691,2.33643
PA_1059,54 Rue de Seine. 75006 Paris,48.85424,2.33685
PA_1060,villa de Guelma. Paris,48.882851,2.336977
PA_1061, 29 rue ramey,48.8886620000, 2.3465700000
PA_1062,64 Rue Tiquetonne. 75002 Paris,48.86484,2.34551
PA_1063,28 Rue des Archives. 75004 Paris,48.85825,2.35515
PA_1064,Rue Froissart. 75003 Paris,48.86163,2.3658199
PA_1065,59 Rue au Maire. 75003 Paris,48.86497,2.35455
PA_1066,Porte de Bagnolet. Paris,48.8645668,2.407278061
PA_1067,1 Rue de la Fidélité. 75010 Paris,48.8745199,2.35674
PA_1068, 39 rue de Bretagne,48.8628720000, 2.3623630000
PA_1069,121 Rue des Amandiers. 75020 Paris,48.86819,2.38806
PA_1070, pavillon Saint-Louis,48.8485290000, 2.3985850000
PA_1071,58 Rue d'Anjou. 75008 Paris,48.8739599,2.32269
PA_1072,32 Rue Pasquier. 75008 Paris,48.87324,2.32371
PA_1073, 41 rue de Penthièvre,48.8722870000, 2.3135150000
PA_1074,Rue du Cirque. 75008 Paris,48.8703999,2.31452
PA_1075,158 Boulevard Saint-Germain. 75006 Paris,48.85323,2.33617
PA_1076, Marché Saint-Germain,48.8517850000, 2.3366080000
PA_1077,65 Rue des Abbesses. 75018 Paris,48.8857,2.33491
PA_1078,99 Rue Réaumur. 75002 Paris,48.86764,2.3455499
PA_1079,Siege Radio Nova. 127 Avenue Ledru-Rollin 75011 Paris ,48.854530, 2.377777
PA_1080,Espace Pierre Cardin. Paris,48.8675499,2.318408966
PA_1081, Centre Pompidou. tuyau rue du renard, 48.859792, 2.352630
PA_1082,Place d'Aligre. 75012 Paris,48.84894,2.37874
PA_1083,Impasse Cordon-Boussard. 75020 Paris,48.86568,2.39743
PA_1084, 36 rue du Faubourg Saint-Martin,48.8702680000, 2.3564260000
PA_1085,Paris. Paris,48.875538, 2.360039
PA_1086,2 Rue des Anglais. 75005 Paris,48.85101,2.34794
PA_1087,1 Rue de la Huchette. 75005 Paris,48.85276,2.34647
PA_1088,Rue Buffon. 75005 Paris,48.84225,2.36008
PA_1089,79 Rue La Boétie. 75008 Paris,48.87207,2.30913
PA_1090,Métro-Stalingrad. Paris,48.88426971,2.369261026
PA_1091, fontaine du Conservatoire Municipal du 19e,48.8828810000, 2.3719150000
PA_1092, 18-20 rue Pradier,48.8756690000, 2.3820550000
PA_1093,Cité de la Mode et du Design. Paris,48.840913,2.370119
PA_1094,132 Rue Vieille-du-Temple. 75003 Paris,48.8617599,2.36432
PA_1095,18TER Rue Jaucourt. 75012 Paris,48.84743,2.39506
PA_1096,18 Rue des Lilas. 75019 Paris,48.87918,2.39647
PA_1097,20 Rue du Louvre. 75001 Paris,48.86146,2.34126
PA_1098,1 Cité Voltaire. 75011 Paris,48.85257,2.38935
PA_1099, 2 rue de la mare. 75020, 48.868636, 2.388222
PA_1100, Fontaine Moliere et rue Rchelieu France,48.865763, 2.336882
PA_1101,7 Avenue Matignon. 75008 Paris,48.86992,2.31148
PA_1102,Place de Thorigny. 75003 Paris,48.85903,2.36216
PA_1103,3 Passage du Moulin des Prés. 75013 Paris,48.82912,2.35327
PA_1104,Rue Jenner. 75013 Paris,48.8354,2.36208
PA_1105,16 Boulevard de la Chapelle. 75018 Paris,48.8846,2.36354
PA_1106,1 Rue Ferdinand Flocon. 75018 Paris,48.89101,2.34549
PA_1107,Place Saint-André-des-Arts. 75006 Paris,48.85328,2.34279
PA_1108,98 Rue de Tolbiac. 75013 Paris,48.8267743,2.3638612
PA_1109, 51 avenue d'Ivry,48.8233100000, 2.3655080000
PA_1110,Paris. Paris,48.845749, 2.413958
PA_1111,80 Avenue Charles de Gaulle. 92200 Neuilly-sur-Seine,48.88176,2.271
PA_1112,Villa des Iris. 75019 Paris,48.87757,2.4034399
PA_1113, 2 rue Jacotot. Puteaux , 48.883030, 2.239857
PA_1114, impasse de la Défense,48.8851130000, 2.3268650000
PA_1115,208 Rue de la Roquette. 75011 Paris,48.8596236,2.3885087
PA_1116,74 Rue d'Avron. 75020 Paris,48.85232,2.40446
PA_1117,Paris. Paris,49.004423, 2.567405
PA_1118,boulevard Gabriel Péri sous le périph'. Paris,48.877432, 2.476540
PA_1119,29 Avenue de la République. Bagnolet. Île-de-France,48.862520, 2.416013
PA_1120,84 Rue de Picpus. 75012 Paris,48.84097,2.39889
PA_1121,52 Cours de Vincennes. 75012 Paris,48.84732,2.40361
PA_1122,Avenue Corentin Cariou. 75019 Paris,48.89713,2.38495
PA_1123,1 Rue Santos Dumont. 75015 Paris,48.8343,2.30574
PA_1124,11 Rue Chauchat. 75009 Paris,48.87324,2.33946
PA_1125,88 Rue de Provence. 75009 Paris,48.87433,2.33045
PA_1126,27 Place de la Madeleine. 75008 Paris,48.87116,2.3243999
PA_1127,Rue du Roi Doré. 75003 Paris,48.8601,2.36412
PA_1128, 112 rue des Pyrénées,48.8568100000, 2.4047300000
PA_1129,19 Rue Parrot. 75012 Paris,48.84718,2.37494
PA_1130,194 Rue de Bercy. 75012 Paris,48.8446575,2.3722657
PA_1131,Place Félix éboué. 75012 Paris,48.83955,2.39619
PA_1132,26 Rue Coriolis. 75012 Paris,48.83631,2.39087
PA_1133,19 Rue Montéra. 75012 Paris,48.84535,2.40891
PA_1134,74 Rue de Tolbiac. 75013 Paris,48.82717,2.36694
PA_1135,Rue Claude Tillier. 75012 Paris,48.84834,2.38824
PA_1136, 18 rue Coriolis,48.8358820000, 2.3913040000
PA_1137, pont Delizy,48.8950250000, 2.4098200000
PA_1138,112 Avenue du Général Leclerc. 75014 Paris,48.898305, 2.406713
PA_1139,93 Rue de Belleville. 75019 Paris,48.87404,2.3854
PA_1140,10 Rue Villedo. 75001 Paris,48.8664599,2.33607
PA_1141,Paris. Paris,48.848184, 2.304385
PA_1142,8 Rue de la Plaine. 75020 Paris,48.8497317,2.3998205
PA_1143,Place du Général Patton. 75116 Paris,48.87618,2.28716
PA_1144,18 Rue Piccini. 75116 Paris,48.8749649,2.2841669
PA_1145,Rue de la Croix-Jarry. 75013 Paris,48.82716,2.38179
PA_1146,154 Rue du Chemin Vert. 75011 Paris,48.86272,2.387
PA_1147,Paris. Paris,48.873088, 2.364003
PA_1148,Paris. Paris,48.881428, 2.368543
PA_1149,42 Boulevard de Charonne. 75020 Paris,48.85113,2.3988
PA_1150, quai Saint-Bernard,48.8449280000, 2.3643850000
PA_1151,Métro-Tuileries. Paris,48.86434937,2.330204964
PA_1152, Village Saint-Paul. Paris,48.853775, 2.361550
PA_1153,87 Rue Saint-Antoine. 75004 Paris,48.85464,2.3624299
PA_1154,Rue Léon Jouhaux. 75010 Paris,48.86921,2.36456
PA_1155,Rue Lucien Lambeau. 75020 Paris,48.85774,2.41319
PA_1156,12 Rue Vieille-du-Temple. 75004 Paris,48.85646,2.35681
PA_1157, 81 rue de Beaubourg,48.8639100000, 2.3548220000
PA_1158,33 Boulevard de Charonne. 75011 Paris,48.85111,2.39818
PA_1159,6 Place des Ternes. 75017 Paris,48.87842,2.2985699
PA_1160, 165 rue du Faubourg Saint-Honoré,48.8747070000, 2.3058670000
PA_1161,42 Rue des Francs-Bourgeois. 75003 Paris,48.85859,2.3590399
PA_1162,14 Rue des Précheurs. 75001 Paris,48.86208,2.34864
PA_1163,8 Place Jacques Bonsergent. 75010 Paris,48.8711399,2.36112
PA_1164,130 Avenue de Wagram. 75017 Paris,48.88512,2.30364
PA_1165,48 Rue du Caire. 75002 Paris,48.8680499,2.34885
PA_1166,1 Quai de Bourbon. 75004 Paris,48.85243,2.35692
PA_1167,84 Rue Bonaparte. 75006 Paris,48.84968,2.33258
PA_1168,1 Rue Verniquet. 75017 Paris,48.8868099,2.30042
PA_1169,6 Avenue Porte de la Chapelle. 75018 Paris,48.89898,2.35987
PA_1170,45 Rue des Gravilliers. 75003 Paris,48.86415,2.35543
PA_1171,68 Rue de la Montagne Sainte-Geneviéve. 75005 Paris,48.84684,2.3477199
PA_1172,93 Rue de la Verrerie. 75004 Paris,48.85882,2.35067
PA_1173,Paris. Paris,48.840477, 2.370500
PA_1174,14 Rue des Fonds-Verts. 75012 Paris,48.83697,2.39115
PA_1175,2 Rue Rodier. 75009 Paris,48.87738,2.3424
PA_1176,5 Rue Rodier. 75009 Paris,48.87749,2.34227
PA_1177,13 place de la bourse. 75002 Paris,48.868796,2.340612
PA_1178,82 Boulevard Masséna. 75013 Paris,48.82141,2.3681899
PA_1179,213 Boulevard Vincent Auriol. 75013 Paris,48.83077,2.35672
PA_1180,47 Avenue des Gobelins. 75013 Paris,48.83518,2.35328
PA_1181,58 Rue de Caumartin. 75009 Paris,48.87487,2.32858
PA_1182,22 Rue Guersant. 75017 Paris,48.88079,2.29014
PA_1183,9 Rue Marsoulan. 75012 Paris,48.84565,2.40297
PA_1184, Autoroute du Soleil. Paris, 48.735843, 2.317
PA_1184,A6. pont de la D165,48.762416,2.340498
PA_1185,59 Rue de Charonne. 75011 Paris,48.85343,2.3793
PA_1186,Impasse de la Confiance. 75020 Paris,48.85352,2.39962
PA_1187,89 Rue André Joineau. 93310 Le Pré-Saint-Gervais,48.88214,2.40273
PA_1188,81 Rue d'Assas. 75006 Paris,48.84242,2.33489
PA_1189,Rue Jean-Franéois Lépine. 75018 Paris,48.8861,2.35826
PA_1190,2 Rue Princesse. 75006 Paris,48.85264,2.33437
PA_1191,Paris. Paris,48.815894, 2.355959
PA_1192,Paris. Paris,48.8148, 2.3557
PA_1193,Paris. Paris,48.81485, 2.3558
PA_1194,Paris. Paris,48.8147, 2.3556
PA_1195,Paris. Paris,48.8149, 2.3555
PA_1196,2 Impasse Mathieu. 75015 Paris,48.84114,2.31327
PA_1197,6 Rue de l'Arrivée. 75015 Paris,48.84387,2.3224
PA_1198,145 Boulevard Raspail. 75006 Paris,48.84227,2.32972
PA_1199,Paris. Paris,48.821572, 2.352496
PA_1200,35 Rue de la Bécherie. 75005 Paris,48.85257,2.34718
PA_1201,14 Rue Ternaux. 75011 Paris,48.86438,2.37331
PA_1202,129 Avenue de Wagram. 75017 Paris,48.88317,2.30163
PA_1203,64 Rue Monsieur le Prince. 75006 Paris,48.84786,2.34081
PA_1204,61 Rue d'Avron. 75020 Paris,48.85224,2.40306
PA_1205,Paris. Paris,48.835734, 2.369624
PA_1206,22 Avenue de la République. 75011 Paris,48.86622,2.36875
PA_1207,31 Rue Lucien Sampaix. 75010 Paris,48.87303,2.36129
PA_1208,35 Rue Castagnary. 75015 Paris,48.8340699,2.30947
PA_1209,99 Boulevard Saint-Germain. 75006 Paris,48.85214,2.339
PA_1210,3 Rue Saint-Augustin. 75002 Paris,48.86885,2.33781
PA_1211,1 passage Monplaisir. 75020 Paris,48.865487, 2.384787
PA_1212,16 Place Jacques Bonsergent. 75010 Paris,48.87144,2.36071
PA_1213,4 Rue Berger. 75001 Paris,48.8609,2.34849
PA_1214,42 Rue Leroy Dupré. 75012 Paris,48.84297,2.40189
PA_1215,3 Rue Danielle Casanova. 75001 Paris,48.8675799,2.33319
PA_1216,1 Rue Duret. 75116 Paris,48.87334,2.28498
PA_1217,Pont de la Concorde. Paris,48.8633461,2.319560051
PA_1218,2 Rue Mathis. 75019 Paris,48.8907,2.3764
PA_1219,261 Rue de Belleville. 75019 Paris,48.87559,2.39897
PA_1220,7 Rue d'Enghien. 75010 Paris,48.87165,2.3527999
PA_1221,Place Benjamin Fondane. 75005 Paris,48.84454,2.3519899
PA_1222,90 Avenue de la République. 75011 Paris,48.86398,2.38051
PA_1223,1 Place de Passy. 75016 Paris,48.85787,2.27759
PA_1224,57 Avenue du Docteur Arnold Netter. 75012 Paris,48.84492,2.40565
PA_1225,100 Cours de Vincennes. 75012 Paris,48.84689,2.40843
PA_1226,100 Cours de Vincennes. 75012 Paris,48.84689,2.40843
PA_1227,Paris. Paris,48.846727, 2.376839  
PA_1228,22 Rue Watteau. 75013 Paris,48.83449,2.35731
PA_1229,62 Rue Lamartine. 75009 Paris,48.87672,2.33956
PA_1230,7 Rue La Fayette. 75009 Paris,48.87359,2.33479
PA_1231,28 Rue Eugéne Jumin. 75019 Paris,48.88803,2.39223
PA_1232,102 Rue du Mont-Cenis. 75018 Paris,48.89533,2.34601
PA_1233,2 Rue Poissonniére. 75002 Paris,48.86857,2.34778
PA_1234,Rue de Paris. 77174 Villeneuve-le-Comte,48.791938, 2.869225
PA_1235,72 Rue Claude Bernard. 75005 Paris,48.84047,2.34587
PA_1236,72 Rue Claude Bernard. 75005 Paris,48.84047,2.34587
PA_1237,28 Rue Eugéne Jumin. 75019 Paris,48.888538, 2.392348
PA_1238,La Courneuve. Seine-St.-Denis,48.92695999,2.389219999
PA_1239,54 Avenue Paul Vaillant-Couturier. La Courneuve,48.920968,2.411104
PA_1240,114 Boulevard Vincent Auriol. 75013 Paris,48.83349,2.36306
PA_1241,1 Quai de la Tournelle. 75005 Paris,48.84959,2.35577
PA_1242,26 Rue de la Plaine. 75020 Paris,48.84985,2.40261
PA_1243,15 Boulevard de Ménilmontant. 75011 Paris,48.85942,2.38881
PA_1244,4 Rue Oberkampf. 75011 Paris,48.86268,2.36753
PA_1245,Pont de la Tournelle. Paris,48.85027695,2.355000019
PA_1246,12 Cour Saint-Louis. 75011 Paris,48.8521773,2.3724427
PA_1247,Rue de l'Hépital Saint-Louis. 75010 Paris,48.87505,2.36525
PA_1248,101 Boulevard Richard Lenoir. 75011 Paris,48.86407,2.37049
PA_1249,24 Rue de la Verrerie. 75004 Paris,48.85746,2.35452
PA_1250,176 Rue de Bagnolet. 75020 Paris,48.864,2.40813
PA_1251,Place Tristan Bernard. 75017 Paris,48.87909,2.29099
PA_1252,27 rue Saint Didier. 75116 Paris,48.866319, 2.285900
PA_1253,1 Rue du Boccador. 75008 Paris,48.86602,2.3036
PA_1254,23 Rue Marbeuf. 75008 Paris,48.86881,2.30376
PA_1255,5 Place des Petits-Péres. 75002 Paris,48.8665446,2.3408028
PA_1256,29 Rue des Petits-Hétels. 75010 Paris,48.87756,2.35207
PA_1257,1 Avenue du Président Wilson. 75116 Paris,48.86478,2.3003
PA_1258,13 Rue de la Roquette. 75011 Paris,48.8542,2.37112
PA_1259,39 Boulevard Albert 1er. 94. Nogent sur marne France,48.832708,2.493296
PA_1260,8 Rue de l'Amiral de Coligny. 75001 Paris,48.86067,2.3409399
PA_1261,Boulevard de Bercy. 75012 Paris,48.83969,2.3839
PA_1262,7 Rue du Bouloi. 75001 Paris,48.86354,2.34054
PA_1263,Pont Neuf. Paris,48.85867691,2.341487885
PA_1264, Musée en Herbes,48.8601660000, 2.3421570000
PA_1265,Beaubourg. Paris,48.86051941,2.352425098
PA_1266,41 Rue Volta. 75003 Paris,48.86663,2.35794
PA_1267,Avenue de Bouvines. 75011 Paris,48.8502,2.39631
PA_1268,Pont Neuf. Paris,48.85867691,2.341487885
PA_1269,28 Rue Sainte-Anne. 75001 Paris,48.86629,2.3356
PA_1270,Bassin de la Villette. Paris,48.88898849,2.386929989
PA_1271,  1 Square de la Fontaine. Nogent Sur Marne,48.835922, 2.484237
PA_1272,1 Rue de Vouillé. 75015 Paris,48.8354799,2.30288
PA_1273,39 Rue Linné. 75005 Paris,48.84598,2.35435
PA_1274,10 Square Desnouettes. 75015 Paris,48.83486,2.28406
PA_1275,12 Place d'Anvers. 75009 Paris,48.88257,2.34471
PA_1276,21 Place du Tertre. 75018 Paris,48.88667,2.34057
PA_1277,52 Rue Jean-Pierre Timbaud. 75011 Paris,48.86648,2.37303
PA_1278,80 Rue de Provence. 75009 Paris,48.8743924,2.3309796
PA_1279,86 Boulevard Lefebvre. 75015 Paris,48.8288,2.29949
PA_1280,14 Rue de Lévis. 75017 Paris,48.8822199,2.3156
PA_1281,2 Rue des Fontaines du Temple. 75003 Paris,48.86548,2.3601899
PA_1282,106 Avenue Kléber. 75116 Paris,48.8650717,2.2885289
PA_1283,3 Rue des Déchargeurs. 75001 Paris,48.8596999,2.34596
PA_1284, pont ferroviaire depuis periph. porte d'Asnieres, 48.894187, 2.305073
PA_1285,Porte de Bagnolet. Paris,48.863844, 2.412935
PA_1286,Place du Village de l'Amitié. 93100 Montreuil,48.863774, 2.448778
PA_1287, 18 rue du Ravin,48.8619090000, 2.4232830000
PA_1288,5 Quai de la Loire. 75019 Paris,48.88378,2.37142
PA_1289,Place de l'Alma. 75008 Paris,48.86443,2.3017599
PA_1290,Place de l'Alma. 75008 Paris,48.86443,2.3017599
PA_1291,48 Rue du Capitaine Dreyfus. 93100 Montreuil,48.85909,2.43958
PA_1292,13 Rue Darwin. 75018 Paris,48.8901899,2.33905
PA_1293,2 Rue Titien. 75013 Paris,48.83599,2.35842
PA_1294, 34 Rue de Penthievre. Paris,48.872386, 2.313973
PA_1295,Place Edmond Michelet. Paris,48.860471, 2.350127
PA_1296,1 Rue Albert Sorel. Paris, 48.823838, 2.322478
PA_1297,89 bis rue de reuilly,48.844529,2.390049
PA_1297,89 bis Rue de Reuilly. 75012 Paris,48.844592, 2.390102
PA_1298,2 Avenue du Général Leclerc. 92100 Boulogne-Billancourt ,48.833769, 2.242916
PA_1299,42 Rue Dauphine. 75006 Paris ,48.854473, 2.338772
PA_1300,peripherique interieur sortie porte d'ivry,48.820779, 2.376135
PA_1301,11 rue francois de neufchateau. 75011. paris,48.856206, 2.382533
PA_1302,  1 rue Cail. 75010 , 48.882684, 2.361643
PA_1303, 8 rue Saint Claude. 75011 , 48.860170, 2.366625
PA_1304, 21 rue des écoles 75005 , 48.848107, 2.350837
PA_1305, 21 rue des écoles 75005 , 48.8481, 2.35083
PA_1306, Bd Gabriel Peri. Malakoff , 48.819745, 2.310446
PA_1306,46 avenue pierre brossollette,48.820011,2.311098
PA_1307, parc de Bercy,48.8365400000, 2.3797300000
PA_1308, 3 bd de la République. Boulogne-Billancourt , 48.833628, 2.243994
PA_1309, Quai Louis Bleriot. pied du pont , 48.846721, 2.274305
PA_1310, 14 rue de Penthièvre. 75008 , 48.872925, 2.316039
PA_1311, 15 rue Jean Nicot. 75007 ,48.860071, 2.307823
PA_1312, 22 rue de la Comète. 75007 , 48.858110, 2.309247
PA_1312,22 rue de la comete,48.858108,2.309292
PA_1313, 54 rue Duhesme. 75018 , 48.892516, 2.341567
PA_1314, 120 rue Mouffetard. 75005 , 48.839769, 2.349787
PA_1314,139 rue Mouffetard,48.839938,2.349819
PA_1315, Boulevard Brune. Porte d'ORleans. 75014 , 48.823377, 2.325331
PA_1315,142 avenue du Général Leclerc,48.823444,2.325374
PA_1316, 93 Avenue d'Ivry. 75013 Paris, 48.825066, 2.362309
PA_1317, 12 rue Git Le Coeur. 75006 , 48.853469, 2.342455
PA_1317,17 rue Gît le Cœur,48.853611,2.342504
PA_1318, 1 Rue des Petites Écuries. 75010 Paris, 48.872960, 2.354202
PA_1319, 12 rue de la Tour d'Auvergne. 75009, 48.879, 2.345
PA_1320, 20 rue rodier. 75009, 48.878298, 2.342696
PA_1321, 89 Rue du Faubourg Poissonnière. 75009 Paris , 48.876756, 2.348725
PA_1322,45 Rue la Fayette. 75009 Paris, 48.8751633, 2.338446
PA_1323, Square Sarah Bernard. Porte de Vincennes , 48.8493981, 2.4025585
PA_1324, 2 rue du paradis. Paris , 48.874, 2.355
PA_1325, 54 rue de paradis. 75010 Paris , 48.875790, 2.349298
PA_1326, 85 rue lafayette. 75009, 48.877160, 2.348402
PA_1327, 84 rue d'Hauteville. 75009, 48.877, 2.351
PA_1328, 27 bis Rue de Paradis. 75010 Paris , 48.8750298, 2.3498496
PA_1329,2 rue bleue. 75009. Paris , 48.875834, 2.347841
PA_1330, 20 rue pirandello. 75013 Paris , 48.8362761, 2.3549805
PA_1331, 34 rue Henri Michaux. 75013 Paris, 48.826810, 2.354396
PA_1332, 46 Rue des Fossés Saint-Bernard. Paris, 48.8475935, 2.3508021
PA_1332,46 rue des Fossés Saint-Bernard,48.847714,2.352916
PA_1333, 10 rue de la paix. 75002 Paris , 48.8689611, 2.3291357
PA_1334, 1 rue des capucines. 75001 Paris, 48.868557, 2.330105
PA_1335, pilier - Entrée periph interieur Porte de Saint Cloud, 48.837120 , 2.255828
PA_1336, 3 rue de montreuil. 75011  , 48.850444,  2.385695
PA_1336,24 rue de Montreuil,48.850396,2.385554
PA_1337, 93 rue de seine. 75006, 48.8521036, 2.3350354
PA_1337,93 rue de Seine,48.852337,2.337235
PA_1338, 54 Rue Mouffetard. 75005 Paris, 48.8432598, 2.347152
PA_1339, 1 rue des vignerons. Vincennes , 48.845141, 2.431578
PA_1339,1 rue des Vignerons. Vincennes,48.845153,2.431599
PA_1340, 1 rue de Rochechouart. 75009 , 48.876615, 2.344359
PA_1341,40 avenue Aubert. Vincennes,48.847883,2.431161
PA_1342, place Joffre. allée Adrienne Lecouvreur,48.853516, 2.304320
PA_1343, 72 boulevard de la Tour Maubourg,48.8564050000, 2.3096430000
PA_1344, 26 rue Chanoinesse,48.8542800000, 2.3501100000
PA_1345, 16 rue Jean-Baptiste Marty,48.8210700000, 2.4168260000
PA_1346, pilier est du pont de l'Arsenal,48.8491210000, 2.3674680000
PA_1347, 6 rue Notre-Dame-de-Nazareth,48.8669700000, 2.3619900000
PA_1348, 39 rue du Maréchal Leclerc,48.8182050000, 2.4242090000
PA_1349, 51 rue de la Tombe Issoire,48.8302300000, 2.3342500000
PA_1350, Metro Duroc. rue de Sèvres, 48.847221, 2.317833
PA_1350,133 rue de Sèvres,48.847421,2.318042
PA_1351, 63 rue du montparnasse. 75015 , 48.8418475, 2.325359
PA_1352, 12 avenue de Choisy. 75013, 48.8258093,2.3580268
PA_1353, 12 rue Philippe de Champagne. 75013, 8.8329147,2.3543995
PA_1354, 20 rue de l'aqueduc. 75010,  48.8807989, 2.3604982
PA_1355, 1 rue des petits hotels. 75010, 48.8773075, 2.3547809
PA_1356, 131 Boulevard Diderot. 75012 PARIS , 48.8480746, 2.3928612
PA_1357, 2 rue de Saint PEtersbourg. 75008, 48.8796897, 2.3239319
PA_1357,2 rue de Saint-Petersbourg,48.87993,2.324083
PA_1358, 202 rue Saint Jacques. 75005 , 48.8457025, 2.3421895
PA_1359, Place de la Sorbonne. 75005,  48.848868, 2.341929
PA_1359,place de la Sorbonne,48.848852,2.341915
PA_1360, 63 Rue Saint-Jacques. 75005 Paris, 48.8501254,2.3432384
PA_1361, 3 allée Verte,48.8594620000, 2.3705370000
PA_1362, 264 rue du faubourg saint antoine. 75012, 48.8486968, 2.3902009
PA_1362,2 rue des Boulets,48.854238,2.388704
PA_1363, 70 quai de la Loire,48.8866050000, 2.3774630000
PA_1364,238 rue de paris. montreuil, 48.8551757,2.4172942
PA_1365, 16 Quai de Béthune. 75004. Paris , 48.850267, 2.358551
PA_1366,90 Avenue Ledru-Rollin. 75011 Paris, 48.851613, 2.376511
PA_1367, 71 Boulevard Berthier. 75017 Paris, 48.886518, 2.296261
PA_1368, 28 bd Vaillant Coutirier. Montreuil, 48.865083, 2.443337
PA_1369, Parc des portes de Paris, 48.903939, 2.359059
PA_1370,1 Rue Larrey. 75005 Paris, 48.841458, 2.353838
PA_1371, 118 rue de la glaciere. 75013 .Paris, 48.828185, 2.342577
PA_1372, 64 rue Championnet,48.8958550000, 2.3466090000
PA_1373, 19 Rue Marie Stuart. 75002. Paris, 48.865148, 2.347278
PA_1374, 3 Rue Clotilde de Vaux. 75011 Paris, 48.857825, 2.368670
PA_1375, 1 place Auguste Metivier. 75020 Paris , 48.863188, 2.387982
PA_1376, 1 rue du Capitain Roland Deplanque. Maison Alfort , 48.802768, 2.428443
PA_1377, 121 avenue de Saint-Ouen,48.8955000000, 2.3280480000
PA_1378, rue des Caves du Roi,48.8256060000, 2.2070410000
PA_1379, 5 avenue de l'Europe,48.8242600000, 2.2118760000
PA_1380, 19 rue de la Harpe,48.8524440000, 2.3447840000
PA_1381, passerelle rue de l'Épine,48.8636030000, 2.4250930000
PA_1382, 160 rue des Rosiers,48.9013300000, 2.3439300000
PA_1383, 2 boulevard de l'Hôpital,48.8431400000, 2.3637900000
PA_1384, 25 rue Daubenton,48.8411480000, 2.3528610000
PA_1385, 4 rue Boissière,48.8655180000, 2.2930060000
PA_1386, 3 rue Henri Mayer,48.8278430000, 2.2755550000
PA_1387, 52 avenue Pierre Brossolette,48.8200940000, 2.3109090000
PA_1388, face à la gare de Meudon - Val-Fleury,48.8081900000, 2.2410360000
PA_1389, Rondpoint De Ciechanow. Meudon , 48.813250, 2.246404
PA_1390, Parking Gare d'Issy ,48.829500, 2.262633
PA_1391,31 rue Descartes. Ivry sur Seine , 48.813541, 2.389062
PA_1392, 8 rue d'hauteville. 75010 , 48.871117, 2.349697
PA_1393, 3 rue Marat. Ivry sur Seine , 48.811130, 2.384194
PA_1394, 36 rue des moines. 75017 ,48.889119, 2.319876
PA_1395,44 rue Montorgueil. 75002 , 48.864550, 2.346888
PA_1396,96 Boulevards des Maréchaux. Paris. Île-de-France,48.891444, 2.302073
PA_1397, 5 rue d'Aguesseau. 75008 , 48.870859, 2.319935
PA_1398, 1 rue René Blum. 75017 , 48.891117, 2.317991
PA_1399, 22 rue Vauvenargue. 75018 , 48.893527, 2.333320
PA_1400, peripherique vers porte d'ivry , 48.816719, 2.364452
PA_1401, Champigny sur Marne. a 200m de Brico Villiers , 48.826953, 2.516641
PA_1402, 87 rue des bruyeres. les Lilas , 48.876107, 2.415338
PA_1403,Cafe Luna 50 avenue Pierre Grenier. Boulogne , 48.832197, 2.253186
PA_1404, 12 boulevard Diderot. le Paris Lyon , 48.845518 , 2.370734
PA_1405,A4 sous le pont de Nogent , 48.830462, 2.493010
PA_1406, 145 rue Cardinet. 75017 ,48.887281, 2.313709
PA_1407, 44 rue Saint Jacques. 75005 , 48.849616 , 2.344955
PA_1408, sortie periph interieur porte d'Aubervilliers ,  48.900539, 2.367006
PA_1409, CHU Bicetre. Kremlin Bicetre , 48.810801, 2.352180
PA_1410,98 rue legendre. 75017 , 48.887708 , 2.320177
PA_1411,96 avenue Paul Doumer. 75016 , 48.858649, 2.275672
PA_1412,32 bd Pereire , 48.888082, 2.307261
PA_1413, 13 rue de Lubeck. 75016 , 48.866224, 2.293648
PA_1414, 2 Avenue du Château. Vincennes , 48.844863, 2.436447
PA_1415, angle rue Victor Hugo et Paul Mazy. Ivry sus Seine ,  48.818567, 2.383935
PA_1416,pilone sous chemin de fer. entrée Issy les Mox ,  48.821205, 2.250010
PA_1417, Jardin de Plantes. dinosaure (escalier marche du bas) , 48.842978, 2.362114
PA_1418, 16 avenue de Lowendal. 75007 , 48.849435, 2.303534
PA_1419, 1 rue du chateau d'eau. 75010 , 48.868918, 2.362430
PA_1420, angle Chaligny/Diderot. 75012 , 48.847230, 2.383809
PA_1421, 47 rue de Volga. 75020, 48.852639, 2.407382
PA_1422,Pondorly. sur le pilier ,  48.758036, 2.347796
PA_1423,42 boulevard poissoniere entrée grand REX , 48.870218, 2.348087
PA_1424, 1 rue Pelée. 75011 , 48.859611, 2.369435
PA_1425, Café aux chat 9 Rue Sedaine. 75011 Paris, 48.856081, 2.371857
PA_1426, Pavillon Bois de Boulogne , 48.880332, 2.2586
PA_1427, Pavillon Bois de Boulogne , 48.880332, 2.2587
PA_1428, Gare de l'avenur Foch. Paris 16 ,48.871006, 2.275628
PA_1429, 2 avenue du Chateau. Vincennes , 48.844895, 2.436210
PA_1430, 130 boulevard berthier. Paris 17 , 48.888419, 2.299675
PA_1431, Tour Eiffel , 48.858856, 2.294436
PA_1432, Fontaine Stravinsky  Centre Pompidou , 48.859568, 2.351449
PA_1433,34 rue Daubanton cinema la Clef , 48.841141, 2.352452
PA_1434, Bar L'armony 52 rue Edouard Vaillant , 48.855547, 2.432438
PA_1435, SPA 32 avenue du General de Gaulle. Gennevilliers , 48.933252, 2.308266
PA_1436, 110 Rue de la Tour. 75016 Paris , 48.862916, 2.276311
PA_1437,38 rue Michel-ange. Paris 16em ,  48.845160, 2.261527
PA_1438, 86 rue truffaut. paris 17e , 48.887661, 2.318882
PA_1439, Ecole maternelle 117 rue Saint Dominique , 48.859033, 2.304278
PA_1440, croisement rue de Fecamp et Edouard Robert ,  48.836211, 2.400303
PA_1441, rue saint Julien la pauvre , 48.852170, 2.346661
PA_1442,Passerelle Leopold Sedar Senghor , 48.862283, 2.325195
PA_1443,place du marché Brie comte Robert , 48.692150, 2.611866
PA_1444, 3 rue de cluny. au dessus du mur , 48.826631, 2.364058
PA_1445,30 rue Copreaux , 48.841311, 2.307153
PA_1446, a l'angle du Bar le Falguiere, 48.844658, 2.318228
PA_1447, rue Santos Dumont, 48.832701, 2.304346
PA_1448, Place du commerce 75015, 48.844767, 2.293050
PA_1449,Café de l'esplanade. Place des invalides , 48.858165, 2.311014
PA_1451,30 cours de Vincennes. Credit Mutuel. 75012 ,  48.84679043811977, 2.410654074789164
PA_1452, rue de nemours. 75011 , 48.865753602651814, 2.3725408404409465
PA_1453, 157 rue du Suffren , 48.84641237159181, 2.308776544938564
PA_1454,158 rue Saint Charles , 48.842236, 2.281460
PA_1455, 35 rue Blanche,48.880144, 2.331413
PA_1456, 31 bd Saint Martin, 48.868481, 2.359330
PA_1457, Librairie vers 31 rue Sedaine , 48.857340, 2.375580
PA_1458, 61 rue Lafayette, 48.875794747, 2.343738376
PA_1459, Theatre Le Palace 8 rue Faubourg Montmartre , 48.872116, 2.343191
PA_1460, 37 avenue Gabriel Peri. Montreuil, 48.856702, 2.443835
PA_1461,Pharmacie rue Beccaria , 48.846458, 2.379343
PA_1462, Entrée Cité des fleurs , 48.891338, 2.319351
PA_1463, rue des écoles. 75005 , 48.848721, 2.348038
PA_1464, rue des Carmes. 75005 , 48.848160, 2.347075
PA_1465,Porte de la Villette. sur le pied du pont , 48.898157, 2.386280
PA_1466,arche Quai de Seine. pres Notre Dame , 48.853333, 2.346315
PA_1467, sortie RER Villiers sur Marne. 18 rue Maurice Schumann, 48.82312299881752, 2.5438697283611535
VRS_001, 2 rue du Baillage. Versailles , 48.807655, 2.130848
VRS_002, rue des 2 Portes. Versailles , 48.806339, 2.131039
VRS_003, rue des 2 Portes. Versailles , 48.805434, 2.130325
VRS_004, carré de la Marée. 13 rue de la pourvoierie Versailles ,48.807173, 2.132212
VRS_005, 10 rue de Fontenay. Versailles , 48.801442, 2.125132
VRS_006, 2 avenue de Paris. Versailles , 48.802006, 2.128823
VRS_007, 2 rue Saint-Lazare. Versailles , 48.808946, 2.129545
VRS_008, 40 rue du Vieux Versailles. Versailles,48.800502, 2.124780
VRS_009, 12 avenue du General de Gaulle. Versailles , 48.800938, 2.128505
VRS_010, 48 boulevard de Jardy. Versailles , 48.831972, 2.152808
VRS_011, 65 avenue de Saint-Cloud.Versailles , 48.805574, 2.135774
VRS_012, 1 place Hoche.Versailles , 48.806578, 2.127180
VRS_013, avenue de Paris. Versailles , 48.798428, 2.153489
VRS_014, rue Noailles. Versailles , 48.798114, 2.134894
VRS_015, rue du peintre Lebrun. Versailles , 48.806612, 2.125048
VRS_016, Rue de l'orangerie. Versailles , 48.799657, 2.124379
VRS_017, Boulevard de la reine. Versailles , 48.809330, 2.125266
VRS_018, rue Colbert. Versailles , 48.805049, 2.127049
VRS_019, D91. Versailles , 48.797859, 2.123200
VRS_020, Route de Saint-Cyr. Versailles , 48.800831, 2.120048
VRS_021, Rue de limoges. Versailles , 48.800279, 2.132092
VRS_022, 9 rue Sainte-Anne. Versailles , 48.805450, 2.125727
ZZ_001,2 Rue Tiquetonne. 75002 Paris,48.86428,2.34995