"";"code";"dtmaj";"status"
"1";"PA_0163";"01/01/18";"Got.it"
"2";"PA_0197";"01/01/18";"Got.it"
"3";"PA_0302";"01/01/18";"Got.it"
"4";"PA_0747";"01/01/18";"Got.it"
"5";"PA_0768";"01/01/18";"Got.it"
"6";"PA_1184";"01/01/18";"Got.it"
"7";"PA_1297";"01/01/18";"Got.it"
"8";"PA_1306";"01/01/18";"Got.it"
"9";"PA_1312";"01/01/18";"Got.it"
"10";"PA_1314";"01/01/18";"Got.it"
"11";"PA_1315";"01/01/18";"Got.it"
"12";"PA_1317";"01/01/18";"Got.it"
"13";"PA_1332";"01/01/18";"Got.it"
"14";"PA_1336";"01/01/18";"Got.it"
"15";"PA_1337";"01/01/18";"Got.it"
"16";"PA_1339";"01/01/18";"Got.it"
"17";"PA_1341";"01/01/18";"Got.it"
"18";"PA_1350";"01/01/18";"Got.it"
"19";"PA_1357";"01/01/18";"Got.it"
"20";"PA_1359";"01/01/18";"Got.it"
"21";"PA_1362";"01/01/18";"Got.it"
"22";"PA_1334";"01/09/18";"Got.it"
"23";"PA_1295";"01/09/18";"Got.it"
"24";"PA_0829";"01/09/18";"Got.it"
"25";"PA_0835";"01/09/18";"Got.it"
"26";"PA_0190";"01/09/18";"Got.it"
"27";"PA_0699";"01/09/18";"Got.it"
"28";"PA_1128";"01/09/18";"Got.it"
"29";"PA_0849";"01/09/18";"Got.it"
"30";"PA_0303";"29/09/18";"Got.it"
"31";"PA_1303";"30/09/18";"Got.it"
"32";"PA_1068";"30/09/18";"Got.it"
"33";"PA_0097";"06/10/18";"Got.it"
"34";"PA_0536";"06/10/18";"Got.it"
"35";"PA_0340";"14/10/18";"Got.it"
"36";"PA_0572";"14/10/18";"Got.it"
"37";"PA_0145";"14/10/18";"Got.it"
"38";"PA_0450";"14/10/18";"Got.it"
"39";"PA_0638";"14/10/18";"Got.it"
"40";"PA_0979";"20/10/18";"Got.it"
