Space Invader PA_0008;PA_0008; PA;  PA_1083, Impasse Cordon-Boussard;  PA_1083, Impasse Cordon-Boussard;48.8657870000; 2.3975940000
Space Invader PA_0010;PA_0010; PA; 30 rue de Charonne; 30 rue de Charonne;48.8532600000; 2.3757400000
Space Invader PA_0017;PA_0017; PA; face à la rue Voltaire; face à la rue Voltaire;48.8157510000; 2.3619390000
Space Invader PA_0020;PA_0020; PA; 20 rue Saint-Fiacre; 20 rue Saint-Fiacre;48.8707180000; 2.3459080000
Space Invader PA_0021;PA_0021; PA; 12 rue Saint-Fiacre; 12 rue Saint-Fiacre;48.8701370000; 2.3455640000
Space Invader PA_0023;PA_0023; PA; 5 impasse Beaubourg; 5 impasse Beaubourg;48.8622000000; 2.3534300000
Space Invader PA_0025;PA_0025; PA; 2 rue de la Corderie; 2 rue de la Corderie;48.8646340000; 2.3634560000
Space Invader PA_0027;PA_0027; PA; fontaine des Haudriettes; fontaine des Haudriettes;48.8612070000; 2.3579490000
Space Invader PA_0029;PA_0029; PA; 21 rue Pastourelle; 21 rue Pastourelle;48.8625970000; 2.3598940000
Space Invader PA_0031;PA_0031; PA; 30 rue de Venise; 30 rue de Venise;48.8612500000; 2.3506800000
Space Invader PA_0037;PA_0037; PA; 8 rue du Pasteur Wagner; 8 rue du Pasteur Wagner;48.8555700000; 2.3697630000
Space Invader PA_0038;PA_0038; PA; 1 passage Thérié; 1 passage Thérié;48.8532030000; 2.3749370000
Space Invader PA_0043;PA_0043; PA; 26 rue de l'Hirondelle; 26 rue de l'Hirondelle;48.8537000000; 2.3426800000
Space Invader PA_0046;PA_0046; PA; statue de Danton; statue de Danton;48.8522670000; 2.3391780000
Space Invader PA_0047;PA_0047; PA; 4bis passage de la Main d'Or; 4bis passage de la Main d'Or;48.8516000000; 2.3779600000
Space Invader PA_0048;PA_0048; PA; 10 rue Amelot; 10 rue Amelot;48.8558600000; 2.3693000000
Space Invader PA_0051;PA_0051; PA; 13 rue de Charonne; 13 rue de Charonne;48.8528400000; 2.3744000000
Space Invader PA_0063;PA_0063; PA; 74 rue de Charonne; 74 rue de Charonne;48.8534210000; 2.3798630000
Space Invader PA_0064;PA_0064; PA; devant le Musée d'Art Moderne; devant le Musée d'Art Moderne;48.8647660000; 2.2973970000
Space Invader PA_0065;PA_0065; PA; 30 rue de Lappe; 30 rue de Lappe;48.8530920000; 2.3739140000
Space Invader PA_0070;PA_0070; PA; 1 rue de la Verrerie; 1 rue de la Verrerie;48.8568290000; 2.3554650000
Space Invader PA_0071;PA_0071; PA; 5 rue de Fourcy; 5 rue de Fourcy;48.8548020000; 2.3590200000
Space Invader PA_0075;PA_0075; PA; sur le piédestal du lion; sur le piédestal du lion;48.8342950000; 2.3324660000
Space Invader PA_0076;PA_0076; PA; statue de Jeanne &quot; statue de Jeanne &quot;48.8383300000; 2.3570130000
Space Invader PA_0082;PA_0082; PA; pasage de la Voûte; pasage de la Voûte;48.8468920000; 2.4085960000
Space Invader PA_0085;PA_0085; PA; 58 rue de Charonne; 58 rue de Charonne;48.8531940000; 2.3781920000
Space Invader PA_0087;PA_0087; PA; escalier du port de la Gare; escalier du port de la Gare;48.8373940000; 2.3741620000
Space Invader PA_0090;PA_0090; PA; métro Etienne Marcel; métro Etienne Marcel;48.8637200000; 2.3489900000
Space Invader PA_0094;PA_0094; PA; porte Fleurus du jardin du Luxembourg; porte Fleurus du jardin du Luxembourg;48.8470400000; 2.3326300000
Space Invader PA_0097;PA_0097; PA; 205 rue de Charenton; 205 rue de Charenton;48.8394400000; 2.3890050000
Space Invader PA_0098;PA_0098; PA;  PA_0099, sur la fontaine Saint-Michel;  PA_0099, sur la fontaine Saint-Michel;48.8531920000; 2.3437020000
Space Invader PA_0098;PA_0099; PA;  PA_0099, sur la fontaine Saint-Michel;  PA_0099, sur la fontaine Saint-Michel;48.8531920000; 2.3437020000
Space Invader PA_0103;PA_0103; PA; 30 rue du Temple, dans la cour; 30 rue du Temple, dans la cour;48.8592530000; 2.3540450000
Space Invader PA_0105;PA_0105; PA; à droite du lion de la statue; à droite du lion de la statue;48.8674400000; 2.3638000000
Space Invader PA_0111;PA_0111; PA; école primaire Hermel; école primaire Hermel;48.8915980000; 2.3446640000
Space Invader PA_0116;PA_0116; PA; 45 passage Thiéré; 45 passage Thiéré;48.8547190000; 2.3727640000
Space Invader PA_0118;PA_0118; PA; 1 rue Raymond Ayron; 1 rue Raymond Ayron;48.8355760000; 2.3753470000
Space Invader PA_0121;PA_0121; PA; 7 rue des Saints-Pères; 7 rue des Saints-Pères;48.8576290000; 2.3327970000
Space Invader PA_0125;PA_0125; PA; sud de la Fontaine aux Lions; sud de la Fontaine aux Lions;48.8395400000; 2.3958100000
Space Invader PA_0126;PA_0126; PA; pont d'Iéna (rive gauche); pont d'Iéna (rive gauche);48.8592220000; 2.2926810000
Space Invader PA_0128;PA_0128; PA; 1 rue de Charonne; 1 rue de Charonne;48.8520000000; 2.3737600000
Space Invader PA_0144;PA_0144; PA; face au 49 rue Saint-Merri; face au 49 rue Saint-Merri;48.8601400000; 2.3507800000
Space Invader PA_0145;PA_0145; PA; 9 rue Saint-Merri; 9 rue Saint-Merri;48.8593000000; 2.3530090000
Space Invader PA_0148;PA_0148; PA; sur le pont d'Arcole; sur le pont d'Arcole;48.8559300000; 2.3506300000
Space Invader PA_0149;PA_0149; PA; 1 rue de Turenne; 1 rue de Turenne;48.8547170000; 2.3629110000
Space Invader PA_0150;PA_0150; PA; angle de la Sorbonne; angle de la Sorbonne;48.8474500000; 2.3435800000
Space Invader PA_0167;PA_0167; PA;  PA_0168, 37 rue Richelieu;  PA_0168, 37 rue Richelieu;48.8655230000; 2.3366740000
Space Invader PA_0167;PA_0168; PA;  PA_0168, 37 rue Richelieu;  PA_0168, 37 rue Richelieu;48.8655230000; 2.3366740000
Space Invader PA_0172;PA_0172; PA; 21 rue Carpeaux; 21 rue Carpeaux;48.8911900000; 2.3318000000
Space Invader PA_0179;PA_0179; PA; entrée du tunnel de Champigny; entrée du tunnel de Champigny;48.8272500000; 2.5072100000
Space Invader PA_0188;PA_0188; PA; 39 rue des Francs-Bourgeois; 39 rue des Francs-Bourgeois;48.8578800000; 2.3601800000
Space Invader PA_0190;PA_0190; PA; 1 rue Stendhal; 1 rue Stendhal;48.8602080000; 2.4037040000
Space Invader PA_0192;PA_0192; PA; face au 130 rue de Bagnolet; face au 130 rue de Bagnolet;48.8609740000; 2.4049650000
Space Invader PA_0196;PA_0196; PA; place de la Bataille de Stalingrad; place de la Bataille de Stalingrad;48.8837030000; 2.3688950000
Space Invader PA_0205;PA_0205; PA; parvis de Saint-Vincent-de-Paul; parvis de Saint-Vincent-de-Paul;48.8780730000; 2.3516800000
Space Invader PA_0208;PA_0208; PA; métro Raspail; métro Raspail;48.8374280000; 2.3314910000
Space Invader PA_0209;PA_0209; PA; sur la coque du Batofar; sur la coque du Batofar;48.8333510000; 2.3793870000
Space Invader PA_0211;PA_0211; PA; 30 rue du Faubourg Saint-Antoine; 30 rue du Faubourg Saint-Antoine;48.8524410000; 2.3716070000
Space Invader PA_0212;PA_0212; PA; 123 boulevard de Charonne; 123 boulevard de Charonne;48.8570500000; 2.3930500000
Space Invader PA_0213;PA_0213; PA; 84 rue Mouffetard; 84 rue Mouffetard;48.8420990000; 2.3496830000
Space Invader PA_0215;PA_0215; PA;  PA_1056, 0 rue Montgallet;  PA_1056, 0 rue Montgallet;48.8425920000; 2.3861570000
Space Invader PA_0219;PA_0219; PA; face au 8 rue André Voguet; face au 8 rue André Voguet;48.8195700000; 2.3736700000
Space Invader PA_0224;PA_0224; PA; sur les panneaux d'information du périph'; sur les panneaux d'information du périph';48.8198740000; 2.3736070000
Space Invader PA_0232;PA_0232; PA; 11 rue Française; 11 rue Française;48.8645430000; 2.3476720000
Space Invader PA_0236;PA_0236; PA; 16 rue Magellan; 16 rue Magellan;48.8709500000; 2.2996400000
Space Invader PA_0238;PA_0238; PA; 8 rue François 1er; 8 rue François 1er;48.8660540000; 2.3075210000
Space Invader PA_0241;PA_0241; PA; métro Bel-Air face sud; métro Bel-Air face sud;48.8410060000; 2.4008850000
Space Invader PA_0250;PA_0250; PA; entrée du mini-square de Jemmapes; entrée du mini-square de Jemmapes;48.8688610700; 2.3673552270
Space Invader PA_0251;PA_0251; PA; à l'ouest de la fontaine des Innocents; à l'ouest de la fontaine des Innocents;48.8606680000; 2.3480060000
Space Invader PA_0253;PA_0253; PA; pont de l'Alma côté rive droite; pont de l'Alma côté rive droite;48.8640590000; 2.3013870000
Space Invader PA_0254;PA_0254; PA; 101 avenue des Champs-Élysées; 101 avenue des Champs-Élysées;48.8718090000; 2.3005410000
Space Invader PA_0255;PA_0255; PA; sous le banc face à l'arrêt de bus Varsovie; sous le banc face à l'arrêt de bus Varsovie;48.8612970000; 2.2913540000
Space Invader PA_0256;PA_0256; PA; place de Varsovie; place de Varsovie;48.8608660000; 2.2918050000
Space Invader PA_0257;PA_0257; PA; métro Passy; métro Passy;48.8576960000; 2.2857130000
Space Invader PA_0262;PA_0262; PA; place de la Nation (côté avenue du Trône); place de la Nation (côté avenue du Trône);48.8480060000; 2.3972850000
Space Invader PA_0263;PA_0263; PA; sur les marches du métro Victor Hugo; sur les marches du métro Victor Hugo;48.8699500000; 2.2856630000
Space Invader PA_0265;PA_0265; PA; face au 27 boulevard Jules Sandeau; face au 27 boulevard Jules Sandeau;48.8629230000; 2.2722690000
Space Invader PA_0266;PA_0266; PA; 11 rue de la Manutention; 11 rue de la Manutention;48.8646490000; 2.2956400000
Space Invader PA_0267;PA_0267; PA; 10 rue de Magdebourg; 10 rue de Magdebourg;48.8641440000; 2.2902350000
Space Invader PA_0268;PA_0268; PA; 96 rue de Courcelles; 96 rue de Courcelles;48.8790020000; 2.3036070000
Space Invader PA_0272;PA_0272; PA; 96 rue de Tolbiac; 96 rue de Tolbiac;48.8268000000; 2.3641640000
Space Invader PA_0275;PA_0275; PA; 14 rue Pierre Dupont; 14 rue Pierre Dupont;48.8794290000; 2.3652260000
Space Invader PA_0279;PA_0279; PA; 116 rue du Faubourg du Temple; 116 rue du Faubourg du Temple;48.8716300000; 2.3761500000
Space Invader PA_0283;PA_0283; PA; 101 rue du Faubourg du Temple; 101 rue du Faubourg du Temple;48.8708400000; 2.3735500000
Space Invader PA_0285;PA_0285; PA; passage Ben Aiad; passage Ben Aiad;48.8660300000; 2.3460700000
Space Invader PA_0291;PA_0291; PA; 15 rue des Plâtrières; 15 rue des Plâtrières;48.8678677500; 2.3901218175
Space Invader PA_0303;PA_0303; PA; 24 passage Boiton; 24 passage Boiton;48.8268200000; 2.3507500000
Space Invader PA_0305;PA_0305; PA; face au 49 rue Geoffroy-Saint-Hilaire; face au 49 rue Geoffroy-Saint-Hilaire;48.8427100000; 2.3555100000
Space Invader PA_0311;PA_0311; PA; face au 5 rue Bréa; face au 5 rue Bréa;48.8435790000; 2.3302930000
Space Invader PA_0320;PA_0320; PA; 34 rue du Faubourg Saint-Jacques; 34 rue du Faubourg Saint-Jacques;48.8366220000; 2.3381290000
Space Invader PA_0321;PA_0321; PA; 17 rue Malebranche; 17 rue Malebranche;48.8465370000; 2.3420150000
Space Invader PA_0322;PA_0322; PA; 77 allée du Séminaire; 77 allée du Séminaire;48.8488610000; 2.3328830000
Space Invader PA_0325;PA_0325; PA; 17 rue Robineau; 17 rue Robineau;48.8649600000; 2.3939700000
Space Invader PA_0327;PA_0327; PA; 29 rue du Faubourg Poissonnière; 29 rue du Faubourg Poissonnière;48.8730100000; 2.3478100000
Space Invader PA_0330;PA_0330; PA; 102 rue du Faubourg Poissonnière; 102 rue du Faubourg Poissonnière;48.8784070000; 2.3492660000
Space Invader PA_0335;PA_0335; PA; 135 boulevard de la Villette; 135 boulevard de la Villette;48.8821240000; 2.3699490000
Space Invader PA_0336;PA_0336; PA; centre d'Hygiène Sociale; centre d'Hygiène Sociale;48.8904390000; 2.3532390000
Space Invader PA_0340;PA_0340; PA; 45 quai de Bourbon; 45 quai de Bourbon;48.8535600000; 2.3536300000
Space Invader PA_0343;PA_0343; PA; pont d'Iéna (rive droite); pont d'Iéna (rive droite);48.8601730000; 2.2911050000
Space Invader PA_0346;PA_0346; PA; 16 boulevard Pasteur; 16 boulevard Pasteur;48.8429050000; 2.3122450000
Space Invader PA_0348;PA_0348; PA; 39bis boulevard de la Chapelle; 39bis boulevard de la Chapelle;48.8840370000; 2.3562540000
Space Invader PA_0349;PA_0349; PA; 7 avenue Bosquet; 7 avenue Bosquet;48.8612450000; 2.3025930000
Space Invader PA_0352;PA_0352; PA; 21 rue d'Alsace; 21 rue d'Alsace;48.8776748220; 2.3582142591
Space Invader PA_0353;PA_0353; PA; sortie de métro face au 27 boulevard de la Madeleine; sortie de métro face au 27 boulevard de la Madeleine;48.8694600000; 2.3247500000
Space Invader PA_0358;PA_0358; PA; 14 rue de Savies; 14 rue de Savies;48.8714630000; 2.3912850000
Space Invader PA_0362;PA_0362; PA; en face de Chez Prune; en face de Chez Prune;48.8717240000; 2.3647040000
Space Invader PA_0363;PA_0363; PA; 116 avenue de Choisy; 116 avenue de Choisy;48.8262982710; 2.3600086569
Space Invader PA_0364;PA_0364; PA; 347 rue de Vaugirard; 347 rue de Vaugirard;48.8371100000; 2.2963800000
Space Invader PA_0367;PA_0367; PA; 108 rue Brancion; 108 rue Brancion;48.8298100000; 2.3017000000
Space Invader PA_0372;PA_0372; PA; 63 rue du Faubourg Saint-Antoine; 63 rue du Faubourg Saint-Antoine;48.8519100000; 2.3740400000
Space Invader PA_0373;PA_0373; PA; 121 rue Oberkampf; 121 rue Oberkampf;48.8660610000; 2.3788090000
Space Invader PA_0377;PA_0377; PA; 52 boulevard Voltaire; 52 boulevard Voltaire;48.8630200000; 2.3710500000
Space Invader PA_0379;PA_0379; PA; 17 rue des Blancs-Manteaux; 17 rue des Blancs-Manteaux;48.8588100000; 2.3573100000
Space Invader PA_0380;PA_0380; PA; port du Gros-caillou; port du Gros-caillou;48.8629470000; 2.3092890000
Space Invader PA_0396;PA_0396; PA; 49 rue de Beaubourg; 49 rue de Beaubourg;48.8626680000; 2.3544100000
Space Invader PA_0399;PA_0399; PA; pont de l'Alma; pont de l'Alma;48.8625860000; 2.3021840000
Space Invader PA_0400;PA_0400; PA; 93 quai d'Orsay; 93 quai d'Orsay;48.8621660000; 2.3022840000
Space Invader PA_0402;PA_0402; PA; quai Anantole France; quai Anantole France;48.8624400000; 2.3201500000
Space Invader PA_0406;PA_0406; PA; 4 rue de Braque; 4 rue de Braque;48.8607470000; 2.3571330000
Space Invader PA_0412;PA_0412; PA; 15 rue Robineau; 15 rue Robineau;48.8647990000; 2.3935520000
Space Invader PA_0416;PA_0416; PA; 9 rue de Marseille; 9 rue de Marseille;48.8715370000; 2.3632210000
Space Invader PA_0422;PA_0422; PA; 32 rue Dunois; 32 rue Dunois;48.8312400000; 2.3691800000
Space Invader PA_0427;PA_0427; PA; 10 rue de Tolbiac; 10 rue de Tolbiac;48.8299120000; 2.3753630000
Space Invader PA_0428;PA_0428; PA; 7 avenue de la Grande Armée; 7 avenue de la Grande Armée;48.8745040000; 2.2923560000
Space Invader PA_0431;PA_0431; PA; rond-point de la porte de Vincennes; rond-point de la porte de Vincennes;48.8472690000; 2.4142880000
Space Invader PA_0437;PA_0437; PA; place du Colonel Fabien; place du Colonel Fabien;48.8776510000; 2.3705950000
Space Invader PA_0443;PA_0443; PA; entrée sud des Buttes Chaumont; entrée sud des Buttes Chaumont;48.8761500000; 2.3810940000
Space Invader PA_0445;PA_0445; PA; 181 rue Lafayette; 181 rue Lafayette;48.8803031210; 2.3608160018
Space Invader PA_0447;PA_0447; PA; à l'intérieur d'Artazart; à l'intérieur d'Artazart;48.8726500000; 2.3637700000
Space Invader PA_0450;PA_0450; PA; 5 rue Volta; 5 rue Volta;48.8647700000; 2.3568620000
Space Invader PA_0458;PA_0458; PA; 16 rue Elise Borey; 16 rue Elise Borey;48.8664030000; 2.3909360000
Space Invader PA_0467;PA_0467; PA; parc de Belleville; parc de Belleville;48.8715670000; 2.3849690000
Space Invader PA_0476;PA_0476; PA; 1 rue Paul Baudry; 1 rue Paul Baudry;48.8718100400; 2.3060882091
Space Invader PA_0481;PA_0481; PA; sous la plaque de rue du coin du parc; sous la plaque de rue du coin du parc;48.8449740000; 2.3324820000
Space Invader PA_0485;PA_0485; PA; 15 rue Paul Valérie; 15 rue Paul Valérie;48.8702640000; 2.2899090000
Space Invader PA_0486;PA_0486; PA; 26 rue Vaneau; 26 rue Vaneau;48.8529090000; 2.3190900000
Space Invader PA_0489;PA_0489; PA; 1 rue Clavel; 1 rue Clavel;48.8741114050; 2.3855942487
Space Invader PA_0493;PA_0493; PA; 87 rue Saint-Honoré; 87 rue Saint-Honoré;48.8612400000; 2.3435000000
Space Invader PA_0494;PA_0494; PA; 41 rue Delambre; 41 rue Delambre;48.8413275280; 2.3251493275
Space Invader PA_0497;PA_0497; PA; sortie routière de Roissy-Charles-de-Gaulle; sortie routière de Roissy-Charles-de-Gaulle;49.0067620000; 2.5281520000
Space Invader PA_0499;PA_0499; PA; pont Eugène-Varlin; pont Eugène-Varlin;48.8775190000; 2.3655070000
Space Invader PA_0501;PA_0501; PA; au pied des escaliers du boulevard du Temple; au pied des escaliers du boulevard du Temple;48.8663610000; 2.3646730000
Space Invader PA_0508;PA_0508; PA; 9 rue des Prouvaires; 9 rue des Prouvaires;48.8617020000; 2.3441750000
Space Invader PA_0510;PA_0510; PA; place de la Bastille; place de la Bastille;48.8532656000; 2.3706489801
Space Invader PA_0520;PA_0520; PA; viaduc rue Jacques Kablé; viaduc rue Jacques Kablé;48.8355460000; 2.4946960000
Space Invader PA_0521;PA_0521; PA; cimetière de Belleville; cimetière de Belleville;48.8755380000; 2.3998250000
Space Invader PA_0523;PA_0523; PA; face au 4 rue Jean du Bellay; face au 4 rue Jean du Bellay;48.8527870000; 2.3532240000
Space Invader PA_0525;PA_0525; PA; 16 rue Saint-Merri; 16 rue Saint-Merri;48.8594820000; 2.3527590000
Space Invader PA_0526;PA_0526; PA; au croisement de l'A86 et de la ligne de RER E; au croisement de l'A86 et de la ligne de RER E;48.8604320000; 2.4871260000
Space Invader PA_0527;PA_0527; PA; 74 rue Dunois; 74 rue Dunois;48.8331810000; 2.3662210000
Space Invader PA_0528;PA_0528; PA; 13 rue des Anglais; 13 rue des Anglais;48.8506320000; 2.3475600000
Space Invader PA_0530;PA_0530; PA; 83 rue de la Mare; 83 rue de la Mare;48.8735120000; 2.3884210000
Space Invader PA_0533;PA_0533; PA; sous le périph' porte de Cligancourt; sous le périph' porte de Cligancourt;48.9008160000; 2.3438110000
Space Invader PA_0536;PA_0536; PA; 7 rue de la Planchette; 7 rue de la Planchette;48.8395200000; 2.3887100000
Space Invader PA_0539;PA_0539; PA; 30 rue Beaubourg dans la cour; 30 rue Beaubourg dans la cour;48.8620140000; 2.3541910000
Space Invader PA_0540;PA_0540; PA; impasse Questre; impasse Questre;48.8682000000; 2.3813100000
Space Invader PA_0545;PA_0545; PA; 62 rue Villiers de l'Isle Adam; 62 rue Villiers de l'Isle Adam;48.8676100000; 2.3965900000
Space Invader PA_0546;PA_0546; PA; 320bis rue de Charenton; 320bis rue de Charenton;48.8319830000; 2.3971700000
Space Invader PA_0548;PA_0548; PA; 103 rue du Faubourg du Temple; 103 rue du Faubourg du Temple;48.8709790000; 2.3738440000
Space Invader PA_0549;PA_0549; PA; 54 rue des Vinaigriers; 54 rue des Vinaigriers;48.8732619600; 2.3589451610
Space Invader PA_0550;PA_0550; PA; 8 rue de l'Échaudé; 8 rue de l'Échaudé;48.8548200000; 2.3366000000
Space Invader PA_0551;PA_0551; PA; 1 avenue Ibsen; 1 avenue Ibsen;48.8652350000; 2.4115010000
Space Invader PA_0554;PA_0554; PA; 101 rue de Reuilly; 101 rue de Reuilly;48.8432570000; 2.3915610000
Space Invader PA_0566;PA_0566; PA; 181 rue de la Roquette; 181 rue de la Roquette;48.8598670000; 2.3885140000
Space Invader PA_0567;PA_0567; PA; 117 rue Haxo; 117 rue Haxo;48.8760230000; 2.4022230000
Space Invader PA_0570;PA_0570; PA; 82 rue François Miron; 82 rue François Miron;48.8553000000; 2.3595000000
Space Invader PA_0571;PA_0571; PA; 10 boulevard de la Bastille; 10 boulevard de la Bastille;48.8472600000; 2.3674600000
Space Invader PA_0572;PA_0572; PA; 27 rue du Roi de Sicile; 27 rue du Roi de Sicile;48.8564830000; 2.3573850000
Space Invader PA_0576;PA_0576; PA; 2 place du Carrousel; 2 place du Carrousel;48.8624410000; 2.3352720000
Space Invader PA_0580;PA_0580; PA; 59 rue de la Verrerie; 59 rue de la Verrerie;48.8579500000; 2.3528800000
Space Invader PA_0581;PA_0581; PA; entrée nord-est du Carrousel; entrée nord-est du Carrousel;48.8624650000; 2.3351640000
Space Invader PA_0586;PA_0586; PA; 89 boulevard Beaumarchais; 89 boulevard Beaumarchais;48.8591930000; 2.3674390000
Space Invader PA_0588;PA_0588; PA; 5 rue Charles V; 5 rue Charles V;48.8526337950; 2.3632380366
Space Invader PA_0591;PA_0591; PA; villa du Clos de Malvert; villa du Clos de Malvert;48.8691060000; 2.3729970000
Space Invader PA_0600;PA_0600; PA; entrée du tunnel de la porte Chaumont; entrée du tunnel de la porte Chaumont;48.8864870000; 2.3968770000
Space Invader PA_0601;PA_0601; PA; A86 à l'angle du stade Pierre de Coubertin; A86 à l'angle du stade Pierre de Coubertin;48.8598860000; 2.4853770000
Space Invader PA_0602;PA_0602; PA; cour de la Métairie; cour de la Métairie;48.8738256150; 2.3855566978
Space Invader PA_0605;PA_0605; PA; 1 place Suzanne Valadon; 1 place Suzanne Valadon;48.8843872940; 2.3424495756
Space Invader PA_0606;PA_0606; PA; 39 rue d'Aboukir; 39 rue d'Aboukir;48.8671820000; 2.3449380000
Space Invader PA_0613;PA_0613; PA; derrière un poteau à l'entrée d'un tunnel; derrière un poteau à l'entrée d'un tunnel;48.8162670000; 2.3612110000
Space Invader PA_0614;PA_0614; PA; bretelle de périphérique Porte Brancion; bretelle de périphérique Porte Brancion;48.8262540000; 2.2984920000
Space Invader PA_0616;PA_0616; PA; 31 place Saint-Ferdinand; 31 place Saint-Ferdinand;48.8777280000; 2.2883330000
Space Invader PA_0619;PA_0619; PA; 47 rue Cardinet; 47 rue Cardinet;48.8826180000; 2.3057800000
Space Invader PA_0623;PA_0623; PA; porte de la Gare côté Ivry; porte de la Gare côté Ivry;48.8272540000; 2.3859890000
Space Invader PA_0635;PA_0635; PA; 21 rue de Vaugirard; 21 rue de Vaugirard;48.8487300000; 2.3326440000
Space Invader PA_0637;PA_0637; PA; 22 place des Vosges; 22 place des Vosges;48.8559869700; 2.3666632175
Space Invader PA_0638;PA_0638; PA; 79 rue des Gravilliers; 79 rue des Gravilliers;48.8647460000; 2.3534330000
Space Invader PA_0639;PA_0639; PA; 122 rue Lepic; 122 rue Lepic;48.8866700000; 2.3384430000
Space Invader PA_0647;PA_0647; PA; 66 rue Caulaincourt; 66 rue Caulaincourt;48.8894706570; 2.3368343710
Space Invader PA_0648;PA_0648; PA; métro Pelleport; métro Pelleport;48.8682270000; 2.4014910000
Space Invader PA_0656;PA_0656; PA; 112bis rue Championnet; 112bis rue Championnet;48.8958900000; 2.3395000000
Space Invader PA_0657;PA_0657; PA; 3 avenue Jean Jaurès; 3 avenue Jean Jaurès;48.8831800000; 2.3711150000
Space Invader PA_0658;PA_0658; PA; métro Saint-Fargeau; métro Saint-Fargeau;48.8716327390; 2.4041149020
Space Invader PA_0660;PA_0660; PA; 46 rue de Lévis; 46 rue de Lévis;48.8834330000; 2.3140960000
Space Invader PA_0663;PA_0663; PA; 25 rue Guersant; 25 rue Guersant;48.8810890000; 2.2896030000
Space Invader PA_0665;PA_0665; PA; 127 rue de Lauriston; 127 rue de Lauriston;48.8655599320; 2.2855666279
Space Invader PA_0667;PA_0667; PA; 64 avenue de Choisy; 64 avenue de Choisy;48.8236020000; 2.3621100000
Space Invader PA_0669;PA_0669; PA; pont ferroviaire de la porte des Poissonniers; pont ferroviaire de la porte des Poissonniers;48.8982930000; 2.3536500000
Space Invader PA_0670;PA_0670; PA; 17 rue de l'Équerre; 17 rue de l'Équerre;48.8748630000; 2.3824390000
Space Invader PA_0672;PA_0672; PA; 1 avenue Jean Aicard; 1 avenue Jean Aicard;48.8643565740; 2.3816621303
Space Invader PA_0674;PA_0674; PA; passage Alexandre; passage Alexandre;48.8402392170; 2.3154866690
Space Invader PA_0675;PA_0675; PA; 1bis rue Friant; 1bis rue Friant;48.8271250000; 2.3253170000
Space Invader PA_0680;PA_0680; PA; 4 rue de la Mare; 4 rue de la Mare;48.8684960000; 2.3884930000
Space Invader PA_0681;PA_0681; PA; 10 rue d'Ormesson; 10 rue d'Ormesson;48.8554470000; 2.3620380000
Space Invader PA_0683;PA_0683; PA; 132 boulevard Richard Lenoir; 132 boulevard Richard Lenoir;48.8658316530; 2.3700052499
Space Invader PA_0685;PA_0685; PA; sortie 18 de l'A86; sortie 18 de l'A86;48.8582300000; 2.4881700000
Space Invader PA_0686;PA_0686; PA; 1 rue Marius Delcher; 1 rue Marius Delcher;48.8286270000; 2.3991390000
Space Invader PA_0693;PA_0693; PA; 15 rue Pierre Guérin; 15 rue Pierre Guérin;48.8489320000; 2.2664190000
Space Invader PA_0698;PA_0698; PA; 10 rue Saint-Sabin; 10 rue Saint-Sabin;48.8551180000; 2.3720800000
Space Invader PA_0699;PA_0699; PA; 127 rue des Pyrénées; 127 rue des Pyrénées;48.8573600000; 2.4039300000
Space Invader PA_0701;PA_0701; PA; 1 rue Godefroy Cavaignac; 1 rue Godefroy Cavaignac;48.8540200000; 2.3818700000
Space Invader PA_0702;PA_0702; PA; 98 rue de Charonne; 98 rue de Charonne;48.8538091970; 2.3818498849
Space Invader PA_0706;PA_0706; PA; 42 villa Auguste Blanqui; 42 villa Auguste Blanqui;48.8306420000; 2.3673990000
Space Invader PA_0708;PA_0708; PA; 11 passage Gauthier; 11 passage Gauthier;48.8756955690; 2.3814368247
Space Invader PA_0719;PA_0719; PA; 1 rue Camille Desmoulins; 1 rue Camille Desmoulins;48.8585900000; 2.3802000000
Space Invader PA_0723;PA_0723; PA; 12 rue de Parme; 12 rue de Parme;48.8813310000; 2.3275240000
Space Invader PA_0729;PA_0729; PA; cour du Havre; cour du Havre;48.8758400000; 2.3260820000
Space Invader PA_0733;PA_0733; PA; 38 rue du Moulin Joly; 38 rue du Moulin Joly;48.8705380000; 2.3777140000
Space Invader PA_0734;PA_0734; PA; 20 rue du Faubourg Montmartre; 20 rue du Faubourg Montmartre;48.8731587650; 2.3430611193
Space Invader PA_0735;PA_0735; PA; 66 rue des Rochers; 66 rue des Rochers;48.8789900000; 2.3190000000
Space Invader PA_0736;PA_0736; PA; 334 rue Saint-Honoré; 334 rue Saint-Honoré;48.8658000000; 2.3303600000
Space Invader PA_0738;PA_0738; PA; 20 rue Clavel; 20 rue Clavel;48.8758310000; 2.3836080000
Space Invader PA_0741;PA_0741; PA; 194 boulevard de la Villette; 194 boulevard de la Villette;48.8821200000; 2.3705260000
Space Invader PA_0743;PA_0743; PA; 45 rue du Faubourg du Temple; 45 rue du Faubourg du Temple;48.8694944600; 2.3689699172
Space Invader PA_0751;PA_0751; PA; 11 rue Girardot; 11 rue Girardot;48.8605050000; 2.4397180000
Space Invader PA_0753;PA_0753; PA; 120 rue d'Avron; 120 rue d'Avron;48.8529520000; 2.4079120000
Space Invader PA_0755;PA_0755; PA; 6 rue de la Victoire; 6 rue de la Victoire;48.8750670000; 2.3405060000
Space Invader PA_0756;PA_0756; PA; 4 rue Flechier; 4 rue Flechier;48.8766200000; 2.3394130000
Space Invader PA_0763;PA_0763; PA; A3/Boulevard Edouard Branly; A3/Boulevard Edouard Branly;48.8759490000; 2.4412320000
Space Invader PA_0778;PA_0778; PA; (avec 10 autres de PA_778 a 790) périphérique le long des immeubles de la rue Maryse Bastié; (avec 10 autres de PA_778 a 790) périphérique le long des immeubles de la rue Maryse Bastié;48.8204000000; 2.3749200000
Space Invader PA_0779;PA_0779; PA; (avec 10 autres de PA_778 a 790) périphérique le long des immeubles de la rue Maryse Bastié; (avec 10 autres de PA_778 a 790) périphérique le long des immeubles de la rue Maryse Bastié;48.8204200000; 2.3748800000
Space Invader PA_0781;PA_0781; PA; 2 rue des Boulangers; 2 rue des Boulangers;48.8460860000; 2.3543200000
Space Invader PA_0782;PA_0782; PA; (avec 10 autres de PA_778 a 790) périphérique le long des immeubles de la rue Maryse Bastié; (avec 10 autres de PA_778 a 790) périphérique le long des immeubles de la rue Maryse Bastié;48.8204400000; 2.3749000000
Space Invader PA_0783;PA_0783; PA; (avec 10 autres de PA_778 a 790) périphérique le long des immeubles de la rue Maryse Bastié; (avec 10 autres de PA_778 a 790) périphérique le long des immeubles de la rue Maryse Bastié;48.8204600000; 2.3749400000
Space Invader PA_0784;PA_0784; PA; (avec 10 autres de PA_778 a 790) périphérique le long des immeubles de la rue Maryse Bastié; (avec 10 autres de PA_778 a 790) périphérique le long des immeubles de la rue Maryse Bastié;48.8204800000; 2.3749600000
Space Invader PA_0786;PA_0786; PA; (avec 10 autres de PA_778 a 790) périphérique le long des immeubles de la rue Maryse Bastié; (avec 10 autres de PA_778 a 790) périphérique le long des immeubles de la rue Maryse Bastié;48.8205000000; 2.3749800000
Space Invader PA_0787;PA_0787; PA; (avec 10 autres de PA_778 a 790) périphérique le long des immeubles de la rue Maryse Bastié; (avec 10 autres de PA_778 a 790) périphérique le long des immeubles de la rue Maryse Bastié;48.8205200000; 2.3750000000
Space Invader PA_0788;PA_0788; PA; (avec 10 autres de PA_778 a 790) périphérique le long des immeubles de la rue Maryse Bastié; (avec 10 autres de PA_778 a 790) périphérique le long des immeubles de la rue Maryse Bastié;48.8205400000; 2.3748600000
Space Invader PA_0789;PA_0789; PA;  (avec 10 autres de PA_778 a 790) périphérique le long des immeubles de la rue Maryse Bastié;  (avec 10 autres de PA_778 a 790) périphérique le long des immeubles de la rue Maryse Bastié;48.8205600000; 2.3748400000
Space Invader PA_0790;PA_0790; PA; (avec 10 autres de PA_778 a 790) périphérique le long des immeubles de la rue Maryse Bastié; (avec 10 autres de PA_778 a 790) périphérique le long des immeubles de la rue Maryse Bastié;48.8205800000; 2.3748200000
Space Invader PA_0803;PA_0803; PA; entrée de la Cour du Commerce Saint-André; entrée de la Cour du Commerce Saint-André;48.8524980000; 2.3392470000
Space Invader PA_0810;PA_0810; PA; 1 passage Turquetil; 1 passage Turquetil;48.8505270000; 2.3928990000
Space Invader PA_0811;PA_0811; PA; Est de la fontaine de Montreuil; Est de la fontaine de Montreuil;48.8503588030; 2.3830729722
Space Invader PA_0812;PA_0812; PA; 12bis rue de Cotte; 12bis rue de Cotte;48.8493000000; 2.3777000000
Space Invader PA_0813;PA_0813; PA; passerelle Richerand; passerelle Richerand;48.8718500000; 2.3652150000
Space Invader PA_0814;PA_0814; PA; 10 rue du Ponceau; 10 rue du Ponceau;48.8668800000; 2.3514200000
Space Invader PA_0828;PA_0828; PA; 38 rue de Terre Neuve; 38 rue de Terre Neuve;48.8547640000; 2.3990580000
Space Invader PA_0829;PA_0829; PA; 104 rue de Buzenval; 104 rue de Buzenval;48.8550990000; 2.3989480000
Space Invader PA_0835;PA_0835; PA; 13 rue de Lasseps; 13 rue de Lasseps;48.8591600000; 2.3996100000
Space Invader PA_0834;PA_0835; PA;  PA_0835 (disparu), entrée du Père Lachaise;  PA_0835 (disparu), entrée du Père Lachaise;48.8583700000; 2.3987400000
Space Invader PA_0842;PA_0842; PA;  PA_1040, 32 rue Saint-Roch;  PA_1040, 32 rue Saint-Roch;48.8665030000; 2.3331210000
Space Invader PA_0849;PA_0849; PA; 3 rue du Maine; 3 rue du Maine;48.8405320000; 2.3237020000
Space Invader PA_0863;PA_0863; PA; statue derrière le stade Charlety; statue derrière le stade Charlety;48.8167340000; 2.3474420000
Space Invader PA_0868;PA_0868; PA; 1 boulevard Malsherbes; 1 boulevard Malsherbes;48.8697900000; 2.3232200000
Space Invader PA_0886;PA_0886; PA; 43 rue Saint-Bernard; 43 rue Saint-Bernard;48.8535370000; 2.3803930000
Space Invader PA_0887;PA_0887; PA; sur le bastion de Bercy; sur le bastion de Bercy;48.8280060000; 2.3895920000
Space Invader PA_0889;PA_0889; PA; 34 rue Mathis; 34 rue Mathis;48.8911600000; 2.3737070000
Space Invader PA_0890;PA_0890; PA; 175bis rue Championnet; 175bis rue Championnet;48.8945250000; 2.3343370000
Space Invader PA_0896;PA_0896; PA; 23 avenue du Docteur Lannelongue; 23 avenue du Docteur Lannelongue;48.8190100000; 2.3294000000
Space Invader PA_0904;PA_0904; PA; 23 rue d'Aligre; 23 rue d'Aligre;48.8499480000; 2.3787800000
Space Invader PA_0911;PA_0911; PA; 7Z place Auguste Baron; 7Z place Auguste Baron;48.9001800000; 2.3863900000
Space Invader PA_0919;PA_0919; PA; 12 rue Française; 12 rue Française;48.8643080000; 2.3477320000
Space Invader PA_0923;PA_0923; PA; face au 36 rue Coriolis; face au 36 rue Coriolis;48.8369810000; 2.3900120000
Space Invader PA_0924;PA_0924; PA; 56 quai de la Rapée; 56 quai de la Rapée;48.8425090000; 2.3717800000
Space Invader PA_0929;PA_0929; PA; 1 rue du Général Leclerc; 1 rue du Général Leclerc;48.8153160000; 2.3603870000
Space Invader PA_0958;PA_0958; PA; 255 rue de Charenton; 255 rue de Charenton;48.8361810000; 2.3922060000
Space Invader PA_0962;PA_0962; PA; métro Porte des Lilas; métro Porte des Lilas;48.8768260000; 2.4066050000
Space Invader PA_0965;PA_0965; PA; pont du Carrousel; pont du Carrousel;48.8587280000; 2.3327790000
Space Invader PA_0965;PA_0965; PA; statue de Paris du pont du Carrousel; statue de Paris du pont du Carrousel;48.8587530000; 2.3328470000
Space Invader PA_0969;PA_0969; PA; Statue de la Liberté; Statue de la Liberté;48.8499960000; 2.2796600000
Space Invader PA_0976;PA_0976; PA; 130 rue Montmartre; 130 rue Montmartre;48.8682330000; 2.3436690000
Space Invader PA_0979;PA_0979; PA; pont de Sully côté rive Droite; pont de Sully côté rive Droite;48.8508760000; 2.3612370000
Space Invader PA_0986;PA_0986; PA; face à la rue du Tunnel; face à la rue du Tunnel;48.8793900000; 2.3844400000
Space Invader PA_0989;PA_0989; PA; 2 rue de l'Évangile; 2 rue de l'Évangile;48.8914200000; 2.3612960000
Space Invader PA_0993;PA_0993; PA; entrée du périphérique porte des Lilas; entrée du périphérique porte des Lilas;48.8767050000; 2.4089950000
Space Invader PA_0996;PA_0996; PA; face au 89 avenue des Ternes; face au 89 avenue des Ternes;48.8799680000; 2.2877790000
Space Invader PA_0998;PA_0998; PA; impasse des Peintres; impasse des Peintres;48.8639760000; 2.3501350000
Space Invader PA_1000;PA_1000; PA;  PA_1001, dans le hall de la Générale;  PA_1001, dans le hall de la Générale;48.8595880000; 2.3795180000
Space Invader PA_1000;PA_1001; PA;  PA_1001, dans le hall de la Générale;  PA_1001, dans le hall de la Générale;48.8595880000; 2.3795180000
Space Invader PA_1002;PA_1002; PA; bretelle d'autoroute A86/N406, face au Castorama de Créteil; bretelle d'autoroute A86/N406, face au Castorama de Créteil;48.7789500000; 2.4408000000
Space Invader PA_1014;PA_1014; PA; 10 rue Paul Bert; 10 rue Paul Bert;48.8516000000; 2.3846660000
Space Invader PA_1021;PA_1021; PA; 1 impasse Robert; 1 impasse Robert;48.8955260000; 2.3388420000
Space Invader PA_1032;PA_1032; PA; 51 rue de Turenne; 51 rue de Turenne;48.8582240000; 2.3643990000
Space Invader PA_1034;PA_1034; PA; 48 rue Saint-Honoré; 48 rue Saint-Honoré;48.8611900000; 2.3442330000
Space Invader PA_1035;PA_1035; PA; 14 rue Jean-Baptiste Berlier; 14 rue Jean-Baptiste Berlier;48.8257510000; 2.3834720000
Space Invader PA_1036;PA_1036; PA; 144 boulevard Masséna; 144 boulevard Masséna;48.8194690000; 2.3619840000
Space Invader PA_1037;PA_1037; PA; 84 avenue d'Italie; 84 avenue d'Italie;48.8259820000; 2.3571780000
Space Invader PA_1044;PA_1044; PA; échangeur porte d'Italie; échangeur porte d'Italie;48.8160890000; 2.3588900000
Space Invader PA_1061;PA_1061; PA; 29 rue ramey; 29 rue ramey;48.8886620000; 2.3465700000
Space Invader PA_1068;PA_1068; PA; 39 rue de Bretagne; 39 rue de Bretagne;48.8628720000; 2.3623630000
Space Invader PA_1070;PA_1070; PA; pavillon Saint-Louis; pavillon Saint-Louis;48.8485290000; 2.3985850000
Space Invader PA_1073;PA_1073; PA; 41 rue de Penthièvre; 41 rue de Penthièvre;48.8722870000; 2.3135150000
Space Invader PA_1076;PA_1076; PA; Marché Saint-Germain; Marché Saint-Germain;48.8517850000; 2.3366080000
Space Invader PA_1084;PA_1084; PA; 36 rue du Faubourg Saint-Martin; 36 rue du Faubourg Saint-Martin;48.8702680000; 2.3564260000
Space Invader PA_1091;PA_1091; PA; fontaine du Conservatoire Municipal du 19e; fontaine du Conservatoire Municipal du 19e;48.8828810000; 2.3719150000
Space Invader PA_1092;PA_1092; PA; 18-20 rue Pradier; 18-20 rue Pradier;48.8756690000; 2.3820550000
Space Invader PA_1109;PA_1109; PA; 51 avenue d'Ivry; 51 avenue d'Ivry;48.8233100000; 2.3655080000
Space Invader PA_1114;PA_1114; PA; impasse de la Défense; impasse de la Défense;48.8851130000; 2.3268650000
Space Invader PA_1128;PA_1128; PA; 112 rue des Pyrénées; 112 rue des Pyrénées;48.8568100000; 2.4047300000
Space Invader PA_1136;PA_1136; PA; 18 rue Coriolis; 18 rue Coriolis;48.8358820000; 2.3913040000
Space Invader PA_1137;PA_1137; PA; pont Delizy; pont Delizy;48.8950250000; 2.4098200000
Space Invader PA_1150;PA_1150; PA; quai Saint-Bernard; quai Saint-Bernard;48.8449280000; 2.3643850000
Space Invader PA_1157;PA_1157; PA; 81 rue de Beaubourg; 81 rue de Beaubourg;48.8639100000; 2.3548220000
Space Invader PA_1160;PA_1160; PA; 165 rue du Faubourg Saint-Honoré; 165 rue du Faubourg Saint-Honoré;48.8747070000; 2.3058670000
Space Invader PA_1264;PA_1264; PA; Musée en Herbes; Musée en Herbes;48.8601660000; 2.3421570000
Space Invader PA_1287;PA_1287; PA; 18 rue du Ravin; 18 rue du Ravin;48.8619090000; 2.4232830000
Space Invader PA_1307;PA_1307; PA; parc de Bercy; parc de Bercy;48.8365400000; 2.3797300000
Space Invader PA_1342;PA_1342; PA; place Joffre, allée Adrienne Lecouvreur; place Joffre, allée Adrienne Lecouvreur;48.8539600000; 2.3037900000
Space Invader PA_1343;PA_1343; PA; 72 boulevard de la Tour Maubourg; 72 boulevard de la Tour Maubourg;48.8564050000; 2.3096430000
Space Invader PA_1344;PA_1344; PA; 26 rue Chanoinesse; 26 rue Chanoinesse;48.8542800000; 2.3501100000
Space Invader PA_1345;PA_1345; PA; 16 rue Jean-Baptiste Marty; 16 rue Jean-Baptiste Marty;48.8210700000; 2.4168260000
Space Invader PA_1346;PA_1346; PA; pilier est du pont de l'Arsenal; pilier est du pont de l'Arsenal;48.8491210000; 2.3674680000
Space Invader PA_1347;PA_1347; PA; 6 rue Notre-Dame-de-Nazareth; 6 rue Notre-Dame-de-Nazareth;48.8669700000; 2.3619900000
Space Invader PA_1348;PA_1348; PA; 39 rue du Maréchal Leclerc; 39 rue du Maréchal Leclerc;48.8182050000; 2.4242090000
Space Invader PA_1349;PA_1349; PA; 51 rue de la Tombe Issoire; 51 rue de la Tombe Issoire;48.8302300000; 2.3342500000
Space Invader PA_1361;PA_1361; PA; 3 allée Verte; 3 allée Verte;48.8594620000; 2.3705370000
Space Invader PA_1363;PA_1363; PA; 70 quai de la Loire; 70 quai de la Loire;48.8866050000; 2.3774630000
Space Invader PA_1372;PA_1372; PA; 64 rue Championnet; 64 rue Championnet;48.8958550000; 2.3466090000
Space Invader PA_1377;PA_1377; PA; 121 avenue de Saint-Ouen; 121 avenue de Saint-Ouen;48.8955000000; 2.3280480000
Space Invader PA_1378;PA_1378; PA; rue des Caves du Roi; rue des Caves du Roi;48.8256060000; 2.2070410000
Space Invader PA_1379;PA_1379; PA; 5 avenue de l'Europe; 5 avenue de l'Europe;48.8242600000; 2.2118760000
Space Invader PA_1380;PA_1380; PA; 19 rue de la Harpe; 19 rue de la Harpe;48.8524440000; 2.3447840000
Space Invader PA_1381;PA_1381; PA; passerelle rue de l'Épine; passerelle rue de l'Épine;48.8636030000; 2.4250930000
Space Invader PA_1382;PA_1382; PA; 160 rue des Rosiers; 160 rue des Rosiers;48.9013300000; 2.3439300000
Space Invader PA_1383;PA_1383; PA; 2 boulevard de l'Hôpital; 2 boulevard de l'Hôpital;48.8431400000; 2.3637900000
Space Invader PA_1384;PA_1384; PA; 25 rue Daubenton; 25 rue Daubenton;48.8411480000; 2.3528610000
Space Invader PA_1385;PA_1385; PA; 4 rue Boissière; 4 rue Boissière;48.8655180000; 2.2930060000
Space Invader PA_1386;PA_1386; PA; 3 rue Henri Mayer; 3 rue Henri Mayer;48.8278430000; 2.2755550000
Space Invader PA_1387;PA_1387; PA; 52 avenue Pierre Brossolette; 52 avenue Pierre Brossolette;48.8200940000; 2.3109090000
Space Invader PA_1388;PA_1388; PA; face à la gare de Meudon - Val-Fleury; face à la gare de Meudon - Val-Fleury;48.8081900000; 2.2410360000
